file_name,dispatch_count,sp_call_count,matched_dispatch,network_score,public_action_count,injected_dep_count,async_action_count,sp_names
Ctrl001Controller.cs,1,1,1,0,1,0,0,CORP.PKG_011.SP_011_001|CORP.PKG_011.SP_011_032
Ctrl002Controller.cs,0,0,0,0,0,0,0,
Ctrl003Controller.cs,8,8,8,0,4,0,0,CORP.PKG_005.SP_005_010|CORP.PKG_014.SP_014_001|CORP.PKG_014.SP_014_002|CORP.PKG_014.SP_014_011|CORP.PKG_014.SP_014_004|CORP.PKG_014.SP_014_008|CORP.PKG_014.SP_014_010|CORP.PKG_014.SP_014_005|CORP.PKG_014.SP_014_007|CORP.PKG_014.SP_014_006
Ctrl004Controller.cs,1,1,1,0,3,2,0,CORP.PKG_015.SP_015_001|CORP.PKG_015.SP_015_003|CORP.PKG_015.SP_015_004|CORP.PKG_015.SP_015_009|CORP.PKG_015.SP_015_002|CORP.PKG_015.SP_015_008|CORP.PKG_015.SP_015_010|CORP.PKG_015.SP_015_011
Ctrl005Controller.cs,0,0,0,0,1,0,0,
Ctrl006Controller.cs,0,0,0,0,1,1,0,
Ctrl007Controller.cs,1,1,1,0,1,0,0,CORP.PKG_005.SP_005_034
Ctrl008Controller.cs,3,1,3,0,1,0,0,CORP.PKG_025.SP_025_023
Ctrl009Controller.cs,2,2,2,0,3,0,0,CORP.PKG_010.SP_010_009|CORP.PKG_010.SP_010_011|CORP.PKG_010.SP_010_003|CORP.PKG_004.SP_004_009|CORP.PKG_010.SP_010_001|CORP.PKG_004.SP_004_022
Ctrl010Controller.cs,2,2,2,0,1,0,0,CORP.PKG_009.SP_009_011|CORP.PKG_008.SP_008_007|CORP.PKG_008.SP_008_006|CORP.PKG_008.SP_008_008|CORP.PKG_008.SP_008_005|CORP.PKG_009.SP_009_013|CORP.PKG_009.SP_009_014|CORP.PKG_009.SP_009_022|CORP.PKG_008.SP_008_004
Ctrl011Controller.cs,0,0,0,0,0,0,0,
Ctrl012Controller.cs,5,"4,4",5,0,5,0,0,CORP.PKG_009.SP_009_005|CORP.PKG_009.SP_009_010|CORP.PKG_009.SP_009_007|CORP.PKG_009.SP_009_008|CORP.PKG_009.SP_009_018|CORP.PKG_009.SP_009_019|CORP.PKG_009.SP_009_006|CORP.PKG_009.SP_009_020
Ctrl013Controller.cs,7,"6,2",7,0,7,0,0,CORP.PKG_011.SP_011_002|CORP.PKG_011.SP_011_015|CORP.PKG_011.SP_011_033|CORP.PKG_011.SP_011_003|CORP.PKG_011.SP_011_019|CORP.PKG_011.SP_011_034|CORP.PKG_011.SP_011_113|CORP.PKG_011.SP_011_114|CORP.PKG_011.SP_011_016|CORP.PKG_011.SP_011_017|CORP.PKG_011.SP_011_018|CORP.PKG_011.SP_011_159|CORP.PKG_011.SP_011_004|CORP.PKG_011.SP_011_156|CORP.PKG_011.SP_011_021|CORP.PKG_011.SP_011_020|CORP.PKG_011.SP_011_035|CORP.PKG_011.SP_011_005|CORP.PKG_011.SP_011_023|CORP.PKG_011.SP_011_024|CORP.PKG_011.SP_011_036
Ctrl014Controller.cs,14,"11,9",13,0,17,0,0,CORP.PKG_009.SP_009_096|CORP.PKG_009.SP_009_103|CORP.PKG_009.SP_009_003|CORP.PKG_009.SP_009_002|CORP.PKG_009.SP_009_011|CORP.PKG_008.SP_008_007|CORP.PKG_008.SP_008_006|CORP.PKG_008.SP_008_008|CORP.PKG_008.SP_008_005|CORP.PKG_009.SP_009_013|CORP.PKG_009.SP_009_014|CORP.PKG_009.SP_009_022|CORP.PKG_008.SP_008_004|CORP.PKG_009.SP_009_035|CORP.PKG_011.SP_011_006|CORP.PKG_011.SP_011_164|CORP.PKG_011.SP_011_041|CORP.PKG_011.SP_011_002|CORP.PKG_011.SP_011_015|CORP.PKG_011.SP_011_033|CORP.PKG_011.SP_011_003|CORP.PKG_011.SP_011_019|CORP.PKG_011.SP_011_034|CORP.PKG_011.SP_011_113|CORP.PKG_011.SP_011_114|CORP.PKG_011.SP_011_016|CORP.PKG_011.SP_011_017|CORP.PKG_011.SP_011_018|CORP.PKG_011.SP_011_159|CORP.PKG_012.SP_012_028|CORP.PKG_012.SP_012_039|CORP.PKG_012.SP_012_038|CORP.PKG_011.SP_011_146|CORP.PKG_012.SP_012_017|CORP.PKG_012.SP_012_018|CORP.PKG_012.SP_012_007|CORP.PKG_012.SP_012_002|CORP.PKG_012.SP_012_003|CORP.PKG_012.SP_012_006
Ctrl015Controller.cs,3,3,3,0,3,0,0,CORP.PKG_009.SP_009_017
Ctrl016Controller.cs,6,"5,2",6,0,4,0,0,CORP.PKG_019.SP_019_021|CORP.PKG_009.SP_009_025|CORP.PKG_009.SP_009_005|CORP.PKG_009.SP_009_010|CORP.PKG_009.SP_009_007|CORP.PKG_009.SP_009_008|CORP.PKG_009.SP_009_018|CORP.PKG_009.SP_009_019|CORP.PKG_009.SP_009_006|CORP.PKG_009.SP_009_020|CORP.PKG_012.SP_012_004|CORP.PKG_012.SP_012_044|CORP.PKG_012.SP_012_045|CORP.PKG_012.SP_012_048|CORP.PKG_012.SP_012_046|CORP.PKG_012.SP_012_054|CORP.PKG_012.SP_012_049|CORP.PKG_012.SP_012_050|CORP.PKG_012.SP_012_056|CORP.PKG_012.SP_012_047|CORP.PKG_009.SP_009_028|CORP.PKG_010.SP_010_011|CORP.PKG_010.SP_010_003|CORP.PKG_004.SP_004_009|CORP.PKG_010.SP_010_001|CORP.PKG_004.SP_004_022
Ctrl017Controller.cs,6,"4,3",6,0,6,1,0,CORP.PKG_012.SP_012_037|CORP.PKG_012.SP_012_036|CORP.PKG_012.SP_012_065|CORP.PKG_009.SP_009_076|CORP.PKG_009.SP_009_063|CORP.PKG_009.SP_009_064|CORP.PKG_009.SP_009_059|CORP.PKG_009.SP_009_060|CORP.PKG_009.SP_009_061|CORP.PKG_009.SP_009_077|CORP.PKG_009.SP_009_078|CORP.PKG_011.SP_011_026|CORP.PKG_011.SP_011_027|CORP.PKG_011.SP_011_028|CORP.PKG_011.SP_011_029|CORP.PKG_011.SP_011_037|CORP.PKG_011.SP_011_122
Ctrl018Controller.cs,2,2,2,0,1,0,0,CORP.PKG_009.SP_009_102|CORP.PKG_009.SP_009_044
Ctrl019Controller.cs,3,"2,6",3,7,8,0,5,CORP.PKG_011.SP_011_149|CORP.PKG_011.SP_011_140|CORP.PKG_011.SP_011_132|CORP.PKG_011.SP_011_127|CORP.PKG_011.SP_011_129|CORP.PKG_011.SP_011_130|CORP.PKG_011.SP_011_131
Ctrl020Controller.cs,5,5,5,0,6,0,0,CORP.PKG_010.SP_010_018|CORP.PKG_009.SP_009_045|CORP.PKG_009.SP_009_046|CORP.PKG_009.SP_009_048|CORP.PKG_009.SP_009_047
Ctrl021Controller.cs,8,"7,2",8,0,1,0,0,CORP.PKG_009.SP_009_096|CORP.PKG_009.SP_009_103|CORP.PKG_009.SP_009_003|CORP.PKG_009.SP_009_002|CORP.PKG_009.SP_009_039|CORP.PKG_009.SP_009_040|CORP.PKG_009.SP_009_041|CORP.PKG_009.SP_009_042|CORP.PKG_009.SP_009_043|CORP.PKG_011.SP_011_146|CORP.PKG_012.SP_012_017|CORP.PKG_012.SP_012_018|CORP.PKG_012.SP_012_007|CORP.PKG_012.SP_012_002|CORP.PKG_012.SP_012_003|CORP.PKG_012.SP_012_006|CORP.PKG_012.SP_012_024|CORP.PKG_012.SP_012_008|CORP.PKG_012.SP_012_012|CORP.PKG_012.SP_012_020|CORP.PKG_009.SP_009_031|CORP.PKG_012.SP_012_025|CORP.PKG_012.SP_012_026|CORP.PKG_012.SP_012_027|CORP.PKG_012.SP_012_053|CORP.PKG_012.SP_012_052|CORP.PKG_012.SP_012_040|CORP.PKG_012.SP_012_051|CORP.PKG_012.SP_012_042
Ctrl022Controller.cs,14,"5,8",14,0,13,0,0,CORP.PKG_011.SP_011_146|CORP.PKG_012.SP_012_017|CORP.PKG_012.SP_012_018|CORP.PKG_012.SP_012_007|CORP.PKG_012.SP_012_002|CORP.PKG_012.SP_012_003|CORP.PKG_012.SP_012_006|CORP.PKG_012.SP_012_004|CORP.PKG_012.SP_012_044|CORP.PKG_012.SP_012_045|CORP.PKG_012.SP_012_048|CORP.PKG_012.SP_012_046|CORP.PKG_012.SP_012_054|CORP.PKG_012.SP_012_049|CORP.PKG_012.SP_012_050|CORP.PKG_012.SP_012_056|CORP.PKG_012.SP_012_047
Ctrl023Controller.cs,2,2,2,0,2,0,0,CORP.PKG_009.SP_009_013|CORP.PKG_009.SP_009_014|CORP.PKG_009.SP_009_022|CORP.PKG_008.SP_008_004|CORP.PKG_009.SP_009_012
Ctrl024Controller.cs,3,3,3,0,2,0,0,CORP.PKG_013.SP_013_004|CORP.PKG_013.SP_013_003|CORP.PKG_005.SP_005_010|CORP.PKG_014.SP_014_001|CORP.PKG_014.SP_014_002|CORP.PKG_014.SP_014_011|CORP.PKG_014.SP_014_004|CORP.PKG_014.SP_014_008|CORP.PKG_014.SP_014_010|CORP.PKG_014.SP_014_005|CORP.PKG_014.SP_014_007|CORP.PKG_014.SP_014_006
Ctrl025Controller.cs,4,4,4,0,2,0,0,CORP.PKG_011.SP_011_047|CORP.PKG_011.SP_011_055|CORP.PKG_011.SP_011_062|CORP.PKG_011.SP_011_061|CORP.PKG_011.SP_011_054|CORP.PKG_011.SP_011_100
Ctrl026Controller.cs,0,0,0,0,1,0,0,
Ctrl027Controller.cs,8,8,8,0,8,0,0,CORP.PKG_009.SP_009_086|CORP.PKG_009.SP_009_090|CORP.PKG_009.SP_009_095|CORP.PKG_009.SP_009_087|CORP.PKG_009.SP_009_091|CORP.PKG_009.SP_009_088|CORP.PKG_009.SP_009_089
Ctrl028Controller.cs,3,2,2,0,2,0,0,CORP.PKG_004.SP_004_020|CORP.PKG_004.SP_004_021
Ctrl029Controller.cs,7,"6,1",7,0,7,0,0,CORP.PKG_009.SP_009_076|CORP.PKG_009.SP_009_063|CORP.PKG_009.SP_009_064|CORP.PKG_009.SP_009_059|CORP.PKG_009.SP_009_060|CORP.PKG_009.SP_009_061|CORP.PKG_009.SP_009_077|CORP.PKG_009.SP_009_078|CORP.PKG_009.SP_009_056|CORP.PKG_009.SP_009_055|CORP.PKG_009.SP_009_057|CORP.PKG_009.SP_009_053|CORP.PKG_009.SP_009_054|CORP.PKG_012.SP_012_057|CORP.PKG_012.SP_012_058|CORP.PKG_011.SP_011_026|CORP.PKG_011.SP_011_027|CORP.PKG_011.SP_011_028|CORP.PKG_011.SP_011_029|CORP.PKG_011.SP_011_037|CORP.PKG_011.SP_011_122
Ctrl030Controller.cs,1,0,0,0,1,0,0,
Ctrl031Controller.cs,2,2,2,0,2,0,0,CORP.PKG_009.SP_009_037
Ctrl032Controller.cs,1,1,1,0,1,0,0,CORP.PKG_025.SP_025_025
Ctrl033Controller.cs,0,0,0,0,1,0,0,
Ctrl034Controller.cs,2,2,2,2,3,0,2,CORP.PKG_011.SP_011_005|CORP.PKG_011.SP_011_023|CORP.PKG_011.SP_011_024|CORP.PKG_011.SP_011_036|CORP.PKG_009.SP_009_096|CORP.PKG_009.SP_009_103|CORP.PKG_009.SP_009_003|CORP.PKG_009.SP_009_002
Ctrl035Controller.cs,2,2,2,2,3,0,2,CORP.PKG_011.SP_011_005|CORP.PKG_011.SP_011_023|CORP.PKG_011.SP_011_024|CORP.PKG_011.SP_011_036|CORP.PKG_009.SP_009_096|CORP.PKG_009.SP_009_103|CORP.PKG_009.SP_009_003|CORP.PKG_009.SP_009_002
Ctrl036Controller.cs,0,0,0,0,1,0,0,
Ctrl037Controller.cs,3,"1,5",3,0,1,0,0,CORP.PKG_005.SP_005_031|CORP.PKG_005.SP_005_030
Ctrl038Controller.cs,1,1,1,0,1,0,0,CORP.PKG_011.SP_011_115|CORP.PKG_011.SP_011_116
Ctrl039Controller.cs,4,5,4,0,2,0,0,CORP.PKG_026.SP_026_003|CORP.PKG_026.SP_026_001|CORP.PKG_026.SP_026_004|CORP.PKG_026.SP_026_005|CORP.PKG_026.SP_026_002
Ctrl026Controller.cs,13,"8,5",10,0,4,0,0,CORP.PKG_005.SP_005_010|CORP.PKG_014.SP_014_001|CORP.PKG_014.SP_014_002|CORP.PKG_014.SP_014_011|CORP.PKG_014.SP_014_004|CORP.PKG_014.SP_014_008|CORP.PKG_014.SP_014_010|CORP.PKG_014.SP_014_005|CORP.PKG_014.SP_014_007|CORP.PKG_014.SP_014_006|CORP.PKG_011.SP_011_026|CORP.PKG_011.SP_011_027|CORP.PKG_011.SP_011_028|CORP.PKG_011.SP_011_029|CORP.PKG_011.SP_011_037|CORP.PKG_011.SP_011_122|CORP.PKG_005.SP_005_023|CORP.PKG_005.SP_005_004|CORP.PKG_005.SP_005_005|CORP.PKG_011.SP_011_123|CORP.PKG_011.SP_011_001|CORP.PKG_011.SP_011_032
Ctrl040Controller.cs,34,"19,8",25,11,36,0,4,CORP.PKG_012.SP_012_031|CORP.PKG_012.SP_012_032|CORP.PKG_025.SP_025_004|CORP.PKG_009.SP_009_058|CORP.PKG_025.SP_025_008|CORP.PKG_025.SP_025_019|CORP.PKG_025.SP_025_016|CORP.PKG_025.SP_025_027|CORP.PKG_025.SP_025_033|CORP.PKG_025.SP_025_028|CORP.PKG_025.SP_025_031|CORP.PKG_025.SP_025_032|CORP.PKG_025.SP_025_034|CORP.PKG_025.SP_025_030|CORP.PKG_025.SP_025_037|CORP.PKG_025.SP_025_020|CORP.PKG_025.SP_025_011|CORP.PKG_025.SP_025_010|CORP.PKG_005.SP_005_020|CORP.PKG_025.SP_025_036|CORP.PKG_009.SP_009_029|CORP.PKG_010.SP_010_006|CORP.PKG_009.SP_009_030|CORP.PKG_011.SP_011_063|CORP.PKG_011.SP_011_079|CORP.PKG_011.SP_011_124|CORP.PKG_011.SP_011_125|CORP.PKG_009.SP_009_032|CORP.PKG_011.SP_011_047|CORP.PKG_011.SP_011_055|CORP.PKG_011.SP_011_062|CORP.PKG_011.SP_011_061|CORP.PKG_011.SP_011_054|CORP.PKG_011.SP_011_100|CORP.PKG_009.SP_009_011|CORP.PKG_008.SP_008_007|CORP.PKG_008.SP_008_006|CORP.PKG_008.SP_008_008|CORP.PKG_008.SP_008_005|CORP.PKG_009.SP_009_069|CORP.PKG_009.SP_009_038|CORP.PKG_011.SP_011_161|CORP.PKG_011.SP_011_165|CORP.PKG_011.SP_011_166|CORP.PKG_011.SP_011_157|CORP.PKG_011.SP_011_153|CORP.PKG_011.SP_011_154
Ctrl041Controller.cs,1,1,1,0,3,0,0,CORP.PKG_023.SP_023_006
Ctrl042Controller.cs,4,"3,8",4,0,5,0,0,CORP.PKG_011.SP_011_002|CORP.PKG_011.SP_011_015|CORP.PKG_011.SP_011_033|CORP.PKG_011.SP_011_026|CORP.PKG_011.SP_011_027|CORP.PKG_011.SP_011_028|CORP.PKG_011.SP_011_029|CORP.PKG_011.SP_011_037|CORP.PKG_011.SP_011_122
Ctrl043Controller.cs,1,0,1,0,3,0,0,CORP.PKG_023.SP_023_044
Ctrl044Controller.cs,4,4,4,0,4,0,0,CORP.PKG_011.SP_011_012|CORP.PKG_011.SP_011_013|CORP.PKG_011.SP_011_014|CORP.PKG_009.SP_009_096|CORP.PKG_009.SP_009_103|CORP.PKG_009.SP_009_003|CORP.PKG_009.SP_009_002
Ctrl045Controller.cs,5,1,5,0,5,0,0,CORP.PKG_011.SP_011_108|CORP.PKG_011.SP_011_107|CORP.PKG_011.SP_011_109|CORP.PKG_011.SP_011_110|CORP.PKG_011.SP_011_111
Ctrl046Controller.cs,4,"2,8",4,0,5,0,0,CORP.PKG_011.SP_011_008|CORP.PKG_011.SP_011_007|CORP.PKG_011.SP_011_011|CORP.PKG_011.SP_011_026|CORP.PKG_011.SP_011_027|CORP.PKG_011.SP_011_028|CORP.PKG_011.SP_011_029|CORP.PKG_011.SP_011_037|CORP.PKG_011.SP_011_122
Ctrl047Controller.cs,0,0,0,0,1,0,0,
Ctrl048Controller.cs,1,1,1,0,2,0,0,CORP.PKG_005.SP_005_033
Ctrl049Controller.cs,1,1,1,0,2,0,0,CORP.PKG_005.SP_005_032
Ctrl050Controller.cs,2,2,2,0,2,0,0,CORP.PKG_006.SP_006_002|CORP.PKG_006.SP_006_003
Ctrl051Controller.cs,4,"3,8",4,0,5,1,0,CORP.PKG_011.SP_011_004|CORP.PKG_011.SP_011_156|CORP.PKG_011.SP_011_021|CORP.PKG_011.SP_011_020|CORP.PKG_011.SP_011_035|CORP.PKG_011.SP_011_026|CORP.PKG_011.SP_011_027|CORP.PKG_011.SP_011_028|CORP.PKG_011.SP_011_029|CORP.PKG_011.SP_011_037|CORP.PKG_011.SP_011_122
Ctrl052Controller.cs,0,0,0,0,1,0,0,
Ctrl053Controller.cs,2,1,2,0,2,0,0,CORP.PKG_023.SP_023_040|CORP.PKG_023.SP_023_039
Ctrl054Controller.cs,3,3,3,0,4,0,0,CORP.PKG_021.SP_021_004|CORP.PKG_021.SP_021_005
Ctrl055Controller.cs,7,7,7,0,6,0,0,CORP.PKG_010.SP_010_011|CORP.PKG_010.SP_010_003|CORP.PKG_004.SP_004_009|CORP.PKG_010.SP_010_001|CORP.PKG_004.SP_004_022|CORP.PKG_010.SP_010_004|CORP.PKG_009.SP_009_096|CORP.PKG_009.SP_009_103|CORP.PKG_009.SP_009_003|CORP.PKG_009.SP_009_002|CORP.PKG_010.SP_010_020|CORP.PKG_010.SP_010_021|CORP.PKG_015.SP_015_001|CORP.PKG_015.SP_015_003|CORP.PKG_015.SP_015_004|CORP.PKG_015.SP_015_009|CORP.PKG_015.SP_015_002|CORP.PKG_015.SP_015_008|CORP.PKG_015.SP_015_010|CORP.PKG_015.SP_015_011
Ctrl056Controller.cs,1,1,1,0,1,0,0,CORP.PKG_010.SP_010_011|CORP.PKG_010.SP_010_003|CORP.PKG_004.SP_004_009|CORP.PKG_010.SP_010_001|CORP.PKG_004.SP_004_022
Ctrl057Controller.cs,4,"3,8",4,0,7,0,0,CORP.PKG_009.SP_009_096|CORP.PKG_009.SP_009_103|CORP.PKG_009.SP_009_003|CORP.PKG_009.SP_009_002|CORP.PKG_005.SP_005_023|CORP.PKG_005.SP_005_004|CORP.PKG_005.SP_005_005|CORP.PKG_011.SP_011_123
Ctrl058Controller.cs,6,6,6,0,3,1,0,CORP.PKG_009.SP_009_070|CORP.PKG_009.SP_009_071|CORP.PKG_009.SP_009_072|CORP.PKG_009.SP_009_073|CORP.PKG_009.SP_009_011|CORP.PKG_008.SP_008_007|CORP.PKG_008.SP_008_006|CORP.PKG_008.SP_008_008|CORP.PKG_008.SP_008_005|CORP.PKG_009.SP_009_039|CORP.PKG_009.SP_009_040|CORP.PKG_009.SP_009_041|CORP.PKG_009.SP_009_042|CORP.PKG_009.SP_009_043
Ctrl059Controller.cs,8,8,8,0,6,0,0,CORP.PKG_009.SP_009_093|CORP.PKG_009.SP_009_094|CORP.PKG_009.SP_009_070|CORP.PKG_009.SP_009_071|CORP.PKG_009.SP_009_072|CORP.PKG_009.SP_009_073|CORP.PKG_009.SP_009_011|CORP.PKG_008.SP_008_007|CORP.PKG_008.SP_008_006|CORP.PKG_008.SP_008_008|CORP.PKG_008.SP_008_005|CORP.PKG_009.SP_009_039|CORP.PKG_009.SP_009_040|CORP.PKG_009.SP_009_041|CORP.PKG_009.SP_009_042|CORP.PKG_009.SP_009_043
Ctrl060Controller.cs,7,"6,8",7,0,4,1,0,CORP.PKG_009.SP_009_017|CORP.PKG_009.SP_009_096|CORP.PKG_009.SP_009_103|CORP.PKG_009.SP_009_003|CORP.PKG_009.SP_009_002|CORP.PKG_011.SP_011_001|CORP.PKG_011.SP_011_032|CORP.PKG_011.SP_011_006|CORP.PKG_011.SP_011_164|CORP.PKG_011.SP_011_041|CORP.PKG_011.SP_011_026|CORP.PKG_011.SP_011_027|CORP.PKG_011.SP_011_028|CORP.PKG_011.SP_011_029|CORP.PKG_011.SP_011_037|CORP.PKG_011.SP_011_122|CORP.PKG_011.SP_011_004|CORP.PKG_011.SP_011_156|CORP.PKG_011.SP_011_021|CORP.PKG_011.SP_011_020|CORP.PKG_011.SP_011_035
Ctrl061Controller.cs,66,"49,8",55,0,62,0,0,CORP.PKG_011.SP_011_001|CORP.PKG_011.SP_011_032|CORP.PKG_011.SP_011_002|CORP.PKG_011.SP_011_015|CORP.PKG_011.SP_011_033|CORP.PKG_011.SP_011_003|CORP.PKG_011.SP_011_019|CORP.PKG_011.SP_011_034|CORP.PKG_011.SP_011_113|CORP.PKG_011.SP_011_114|CORP.PKG_011.SP_011_016|CORP.PKG_011.SP_011_017|CORP.PKG_011.SP_011_018|CORP.PKG_011.SP_011_159|CORP.PKG_011.SP_011_004|CORP.PKG_011.SP_011_156|CORP.PKG_011.SP_011_021|CORP.PKG_011.SP_011_020|CORP.PKG_011.SP_011_035|CORP.PKG_011.SP_011_008|CORP.PKG_011.SP_011_007|CORP.PKG_011.SP_011_011|CORP.PKG_011.SP_011_005|CORP.PKG_011.SP_011_023|CORP.PKG_011.SP_011_024|CORP.PKG_011.SP_011_036|CORP.PKG_011.SP_011_026|CORP.PKG_011.SP_011_027|CORP.PKG_011.SP_011_028|CORP.PKG_011.SP_011_029|CORP.PKG_011.SP_011_037|CORP.PKG_011.SP_011_122|CORP.PKG_011.SP_011_025|CORP.PKG_011.SP_011_030|CORP.PKG_011.SP_011_031|CORP.PKG_011.SP_011_038|CORP.PKG_015.SP_015_001|CORP.PKG_015.SP_015_003|CORP.PKG_015.SP_015_004|CORP.PKG_015.SP_015_009|CORP.PKG_015.SP_015_002|CORP.PKG_015.SP_015_008|CORP.PKG_015.SP_015_010|CORP.PKG_015.SP_015_011|CORP.PKG_011.SP_011_012|CORP.PKG_011.SP_011_013|CORP.PKG_011.SP_011_014|CORP.PKG_011.SP_011_083|CORP.PKG_011.SP_011_042|CORP.PKG_011.SP_011_043|CORP.PKG_011.SP_011_044|CORP.PKG_011.SP_011_046|CORP.PKG_011.SP_011_045|CORP.PKG_009.SP_009_096|CORP.PKG_009.SP_009_103|CORP.PKG_009.SP_009_003|CORP.PKG_009.SP_009_002
Ctrl062Controller.cs,2,1,2,0,6,0,0,CORP.PKG_009.SP_009_062|CORP.PKG_023.SP_023_035
Ctrl063Controller.cs,6,"5,8",6,0,6,0,0,CORP.PKG_011.SP_011_105|CORP.PKG_011.SP_011_104|CORP.PKG_011.SP_011_106|CORP.PKG_011.SP_011_006|CORP.PKG_011.SP_011_164|CORP.PKG_011.SP_011_041|CORP.PKG_011.SP_011_026|CORP.PKG_011.SP_011_027|CORP.PKG_011.SP_011_028|CORP.PKG_011.SP_011_029|CORP.PKG_011.SP_011_037|CORP.PKG_011.SP_011_122
Ctrl064Controller.cs,3,3,3,0,2,0,0,CORP.PKG_019.SP_019_001|CORP.PKG_019.SP_019_022|CORP.PKG_010.SP_010_004|CORP.PKG_010.SP_010_020|CORP.PKG_010.SP_010_021
Ctrl065Controller.cs,5,"6,2",5,0,7,0,0,CORP.PKG_011.SP_011_066|CORP.PKG_011.SP_011_070|CORP.PKG_011.SP_011_067|CORP.PKG_011.SP_011_065|CORP.PKG_011.SP_011_064
Ctrl066Controller.cs,2,"1,2",2,0,3,0,0,CORP.PKG_023.SP_023_007|CORP.PKG_011.SP_011_003|CORP.PKG_011.SP_011_019|CORP.PKG_011.SP_011_034|CORP.PKG_011.SP_011_113|CORP.PKG_011.SP_011_114
Ctrl067Controller.cs,5,"4,7",5,0,2,1,0,CORP.PKG_009.SP_009_056|CORP.PKG_009.SP_009_055|CORP.PKG_009.SP_009_059|CORP.PKG_009.SP_009_060|CORP.PKG_009.SP_009_057|CORP.PKG_009.SP_009_053|CORP.PKG_009.SP_009_054|CORP.PKG_012.SP_012_057|CORP.PKG_012.SP_012_058|CORP.PKG_012.SP_012_053|CORP.PKG_012.SP_012_052|CORP.PKG_012.SP_012_040|CORP.PKG_012.SP_012_051|CORP.PKG_012.SP_012_042|CORP.PKG_011.SP_011_146|CORP.PKG_012.SP_012_017|CORP.PKG_012.SP_012_018|CORP.PKG_012.SP_012_007|CORP.PKG_012.SP_012_002|CORP.PKG_012.SP_012_003|CORP.PKG_012.SP_012_006
Ctrl068Controller.cs,1,1,1,0,1,0,0,CORP.PKG_012.SP_012_021|CORP.PKG_012.SP_012_013|CORP.PKG_012.SP_012_034|CORP.PKG_012.SP_012_035
Ctrl069Controller.cs,5,"3,6",5,0,6,0,0,CORP.PKG_011.SP_011_146|CORP.PKG_012.SP_012_017|CORP.PKG_012.SP_012_018|CORP.PKG_012.SP_012_007|CORP.PKG_012.SP_012_002|CORP.PKG_012.SP_012_003|CORP.PKG_012.SP_012_006
Ctrl070Controller.cs,4,4,4,0,5,0,0,CORP.PKG_012.SP_012_022|CORP.PKG_012.SP_012_014|CORP.PKG_012.SP_012_005|CORP.PKG_012.SP_012_023|CORP.PKG_012.SP_012_016|CORP.PKG_012.SP_012_015|CORP.PKG_011.SP_011_039|CORP.PKG_011.SP_011_040
Ctrl071Controller.cs,3,3,3,0,5,0,2,CORP.PKG_012.SP_012_021|CORP.PKG_012.SP_012_013|CORP.PKG_012.SP_012_034|CORP.PKG_012.SP_012_035
Ctrl072Controller.cs,2,2,2,0,2,0,0,CORP.PKG_012.SP_012_060|CORP.PKG_012.SP_012_059
Ctrl073Controller.cs,4,4,4,0,5,0,0,CORP.PKG_012.SP_012_022|CORP.PKG_012.SP_012_014|CORP.PKG_012.SP_012_005|CORP.PKG_012.SP_012_023|CORP.PKG_012.SP_012_016|CORP.PKG_012.SP_012_015|CORP.PKG_009.SP_009_097
Ctrl074Controller.cs,1,1,1,0,1,0,0,CORP.PKG_012.SP_012_062|CORP.PKG_012.SP_012_061
Ctrl075Controller.cs,10,"9,0",10,0,12,1,0,CORP.PKG_012.SP_012_011|CORP.PKG_012.SP_012_029|CORP.PKG_012.SP_012_009|CORP.PKG_012.SP_012_030|CORP.PKG_012.SP_012_033|CORP.PKG_012.SP_012_031|CORP.PKG_012.SP_012_032|CORP.PKG_025.SP_025_004|CORP.PKG_012.SP_012_028|CORP.PKG_012.SP_012_039|CORP.PKG_012.SP_012_038|CORP.PKG_012.SP_012_037|CORP.PKG_012.SP_012_036|CORP.PKG_012.SP_012_065
Ctrl076Controller.cs,6,"4,5",6,0,8,0,0,CORP.PKG_012.SP_012_024|CORP.PKG_012.SP_012_008|CORP.PKG_012.SP_012_012|CORP.PKG_012.SP_012_020|CORP.PKG_009.SP_009_031|CORP.PKG_012.SP_012_025|CORP.PKG_012.SP_012_026|CORP.PKG_012.SP_012_027
Ctrl077Controller.cs,3,3,3,0,3,0,0,CORP.PKG_012.SP_012_053|CORP.PKG_012.SP_012_052|CORP.PKG_012.SP_012_040|CORP.PKG_012.SP_012_051|CORP.PKG_012.SP_012_042
Ctrl078Controller.cs,3,3,3,0,7,3,0,CORP.PKG_005.SP_005_001|CORP.PKG_010.SP_010_008|CORP.PKG_010.SP_010_006|CORP.PKG_009.SP_009_030|CORP.PKG_011.SP_011_063|CORP.PKG_011.SP_011_079|CORP.PKG_011.SP_011_124|CORP.PKG_011.SP_011_125
Ctrl079Controller.cs,2,2,2,0,3,0,0,CORP.PKG_010.SP_010_005|CORP.PKG_023.SP_023_004|CORP.PKG_023.SP_023_003
Ctrl080Controller.cs,1,1,1,0,1,0,0,CORP.PKG_010.SP_010_008
Ctrl081Controller.cs,12,11,12,0,10,0,0,CORP.PKG_017.SP_017_004|CORP.PKG_023.SP_023_034|CORP.PKG_017.SP_017_007|CORP.PKG_017.SP_017_010|CORP.PKG_017.SP_017_012|CORP.PKG_017.SP_017_008|CORP.PKG_017.SP_017_001|CORP.PKG_017.SP_017_002|CORP.PKG_017.SP_017_009|CORP.PKG_017.SP_017_005|CORP.PKG_017.SP_017_006|CORP.PKG_017.SP_017_003
Ctrl082Controller.cs,3,3,3,0,1,0,0,CORP.PKG_017.SP_017_004|CORP.PKG_023.SP_023_034|CORP.PKG_017.SP_017_007|CORP.PKG_017.SP_017_010|CORP.PKG_017.SP_017_012
Ctrl083Controller.cs,1,1,1,0,5,1,0,CORP.PKG_023.SP_023_008
Ctrl084Controller.cs,2,2,2,0,11,0,0,CORP.PKG_025.SP_025_014|CORP.PKG_025.SP_025_003|CORP.PKG_025.SP_025_002|CORP.PKG_025.SP_025_013
Ctrl085Controller.cs,4,4,4,0,5,0,0,CORP.PKG_009.SP_009_100|CORP.PKG_009.SP_009_099|CORP.PKG_009.SP_009_101
Ctrl086Controller.cs,2,2,2,0,3,0,0,CORP.PKG_023.SP_023_036|CORP.PKG_011.SP_011_001|CORP.PKG_011.SP_011_032
Ctrl087Controller.cs,2,2,2,0,3,0,0,CORP.PKG_023.SP_023_030
Ctrl088Controller.cs,0,0,0,0,4,0,2,
Ctrl089Controller.cs,5,5,5,3,6,0,1,CORP.PKG_021.SP_021_008|CORP.PKG_021.SP_021_007|CORP.PKG_021.SP_021_009|CORP.PKG_021.SP_021_010
Ctrl090Controller.cs,4,3,4,0,6,0,0,CORP.PKG_009.SP_009_049|CORP.PKG_005.SP_005_001|CORP.PKG_024.SP_024_001
Ctrl091Controller.cs,5,5,5,0,6,0,0,CORP.PKG_011.SP_011_080|CORP.PKG_011.SP_011_087|CORP.PKG_011.SP_011_082|CORP.PKG_011.SP_011_083|CORP.PKG_011.SP_011_042|CORP.PKG_011.SP_011_043|CORP.PKG_011.SP_011_044
Ctrl092Controller.cs,6,"5,5",6,0,9,1,0,CORP.PKG_009.SP_009_080|CORP.PKG_009.SP_009_081|CORP.PKG_009.SP_009_082|CORP.PKG_009.SP_009_084|CORP.PKG_009.SP_009_079|CORP.PKG_009.SP_009_083|CORP.PKG_009.SP_009_085|CORP.PKG_009.SP_009_062|CORP.PKG_023.SP_023_035
Ctrl093Controller.cs,1,1,1,0,2,0,0,CORP.PKG_023.SP_023_013|CORP.PKG_009.SP_009_104|CORP.PKG_023.SP_023_045
Ctrl094Controller.cs,9,9,9,0,10,0,0,CORP.PKG_011.SP_011_078|CORP.PKG_011.SP_011_075|CORP.PKG_011.SP_011_084|CORP.PKG_011.SP_011_076|CORP.PKG_011.SP_011_077|CORP.PKG_011.SP_011_085|CORP.PKG_011.SP_011_086|CORP.PKG_009.SP_009_052|CORP.PKG_005.SP_005_024|CORP.PKG_005.SP_005_014|CORP.PKG_005.SP_005_015|CORP.PKG_005.SP_005_016|CORP.PKG_005.SP_005_017|CORP.PKG_005.SP_005_018|CORP.PKG_005.SP_005_019|CORP.PKG_005.SP_005_022|CORP.PKG_012.SP_012_037|CORP.PKG_012.SP_012_036|CORP.PKG_012.SP_012_065
Ctrl095Controller.cs,1,1,1,0,4,0,0,CORP.PKG_023.SP_023_013|CORP.PKG_009.SP_009_104|CORP.PKG_023.SP_023_045
Ctrl096Controller.cs,3,3,3,0,4,0,0,CORP.PKG_011.SP_011_074|CORP.PKG_011.SP_011_073
Ctrl097Controller.cs,4,4,4,0,5,0,0,CORP.PKG_029.SP_029_001|CORP.PKG_029.SP_029_002|CORP.PKG_029.SP_029_003
Ctrl098Controller.cs,0,0,0,0,5,0,0,
Ctrl099Controller.cs,20,"18,1",20,0,12,0,0,CORP.PKG_011.SP_011_052|CORP.PKG_011.SP_011_053|CORP.PKG_011.SP_011_057|CORP.PKG_011.SP_011_056|CORP.PKG_011.SP_011_048|CORP.PKG_011.SP_011_049|CORP.PKG_011.SP_011_051|CORP.PKG_011.SP_011_009|CORP.PKG_011.SP_011_010|CORP.PKG_011.SP_011_050|CORP.PKG_011.SP_011_047|CORP.PKG_011.SP_011_055|CORP.PKG_011.SP_011_062|CORP.PKG_011.SP_011_061|CORP.PKG_011.SP_011_054|CORP.PKG_011.SP_011_100
Ctrl100Controller.cs,4,4,4,0,6,0,0,CORP.PKG_023.SP_023_041|CORP.PKG_023.SP_023_042|CORP.PKG_023.SP_023_031|CORP.PKG_023.SP_023_032|CORP.PKG_023.SP_023_034
Ctrl101Controller.cs,7,7,7,0,6,0,0,CORP.PKG_021.SP_021_011|CORP.PKG_021.SP_021_015|CORP.PKG_021.SP_021_012|CORP.PKG_021.SP_021_013|CORP.PKG_021.SP_021_014
Ctrl102Controller.cs,5,5,5,0,6,0,0,CORP.PKG_021.SP_021_006|CORP.PKG_021.SP_021_002|CORP.PKG_021.SP_021_003|CORP.PKG_021.SP_021_001
Ctrl103Controller.cs,5,"4,5",5,0,5,0,0,CORP.PKG_011.SP_011_026|CORP.PKG_011.SP_011_027|CORP.PKG_011.SP_011_028|CORP.PKG_011.SP_011_029|CORP.PKG_011.SP_011_037|CORP.PKG_011.SP_011_122|CORP.PKG_011.SP_011_025|CORP.PKG_015.SP_015_001|CORP.PKG_015.SP_015_003|CORP.PKG_015.SP_015_004|CORP.PKG_015.SP_015_009|CORP.PKG_015.SP_015_002|CORP.PKG_015.SP_015_008|CORP.PKG_015.SP_015_010|CORP.PKG_015.SP_015_011
Ctrl104Controller.cs,1,1,1,0,1,0,0,CORP.PKG_011.SP_011_155
Ctrl105Controller.cs,5,"4,8",5,0,6,0,0,CORP.PKG_011.SP_011_098|CORP.PKG_011.SP_011_097|CORP.PKG_011.SP_011_088|CORP.PKG_011.SP_011_099|CORP.PKG_011.SP_011_089|CORP.PKG_011.SP_011_090|CORP.PKG_011.SP_011_150|CORP.PKG_011.SP_011_026|CORP.PKG_011.SP_011_027|CORP.PKG_011.SP_011_028|CORP.PKG_011.SP_011_029|CORP.PKG_011.SP_011_037|CORP.PKG_011.SP_011_122
Ctrl106Controller.cs,7,7,7,0,10,0,0,CORP.PKG_011.SP_011_098|CORP.PKG_011.SP_011_097|CORP.PKG_011.SP_011_088|CORP.PKG_011.SP_011_099|CORP.PKG_011.SP_011_089|CORP.PKG_011.SP_011_090|CORP.PKG_011.SP_011_150|CORP.PKG_012.SP_012_028|CORP.PKG_012.SP_012_039|CORP.PKG_012.SP_012_038|CORP.PKG_005.SP_005_024|CORP.PKG_005.SP_005_014|CORP.PKG_005.SP_005_015|CORP.PKG_005.SP_005_016|CORP.PKG_005.SP_005_017|CORP.PKG_005.SP_005_018|CORP.PKG_005.SP_005_019|CORP.PKG_005.SP_005_022|CORP.PKG_009.SP_009_096|CORP.PKG_009.SP_009_103|CORP.PKG_009.SP_009_003|CORP.PKG_009.SP_009_002
Ctrl107Controller.cs,2,2,2,0,4,0,0,CORP.PKG_011.SP_011_001|CORP.PKG_011.SP_011_032
Ctrl108Controller.cs,4,4,4,0,4,0,0,CORP.PKG_011.SP_011_095|CORP.PKG_011.SP_011_093|CORP.PKG_011.SP_011_091|CORP.PKG_011.SP_011_094|CORP.PKG_011.SP_011_096|CORP.PKG_011.SP_011_092
Ctrl109Controller.cs,4,4,4,0,4,0,0,CORP.PKG_011.SP_011_095|CORP.PKG_011.SP_011_093|CORP.PKG_011.SP_011_091|CORP.PKG_011.SP_011_094|CORP.PKG_011.SP_011_096|CORP.PKG_011.SP_011_092
Ctrl110Controller.cs,3,3,3,0,5,0,0,CORP.PKG_011.SP_011_095|CORP.PKG_011.SP_011_093|CORP.PKG_011.SP_011_091|CORP.PKG_011.SP_011_094|CORP.PKG_011.SP_011_096|CORP.PKG_011.SP_011_092
Ctrl111Controller.cs,2,2,2,0,6,0,0,CORP.PKG_011.SP_011_072|CORP.PKG_011.SP_011_071
Ctrl112Controller.cs,1,1,1,0,3,0,0,CORP.PKG_023.SP_023_009
Ctrl113Controller.cs,7,"2,2",7,0,8,0,0,CORP.PKG_005.SP_005_025|CORP.PKG_005.SP_005_026|CORP.PKG_005.SP_005_028|CORP.PKG_005.SP_005_029|CORP.PKG_011.SP_011_003|CORP.PKG_011.SP_011_019|CORP.PKG_011.SP_011_034|CORP.PKG_011.SP_011_113|CORP.PKG_011.SP_011_114|CORP.PKG_005.SP_005_023|CORP.PKG_005.SP_005_004|CORP.PKG_005.SP_005_005|CORP.PKG_011.SP_011_123
Ctrl114Controller.cs,3,"2,8",3,5,11,0,4,CORP.PKG_012.SP_012_024|CORP.PKG_012.SP_012_008|CORP.PKG_012.SP_012_012|CORP.PKG_012.SP_012_020|CORP.PKG_009.SP_009_031|CORP.PKG_012.SP_012_025|CORP.PKG_012.SP_012_026|CORP.PKG_012.SP_012_027|CORP.PKG_012.SP_012_037|CORP.PKG_012.SP_012_036|CORP.PKG_012.SP_012_065|CORP.PKG_009.SP_009_096|CORP.PKG_009.SP_009_103|CORP.PKG_009.SP_009_003|CORP.PKG_009.SP_009_002
Ctrl115Controller.cs,4,4,4,0,6,0,0,CORP.PKG_023.SP_023_026|CORP.PKG_023.SP_023_027|CORP.PKG_023.SP_023_028|CORP.PKG_011.SP_011_135
Ctrl116Controller.cs,7,7,7,0,5,0,0,CORP.PKG_022.SP_022_002|CORP.PKG_022.SP_022_001|CORP.PKG_022.SP_022_003|CORP.PKG_022.SP_022_004|CORP.PKG_022.SP_022_005|CORP.PKG_022.SP_022_006|CORP.PKG_022.SP_022_007
Ctrl117Controller.cs,2,2,2,0,4,0,0,CORP.PKG_011.SP_011_047|CORP.PKG_011.SP_011_055|CORP.PKG_011.SP_011_062|CORP.PKG_011.SP_011_061|CORP.PKG_011.SP_011_054|CORP.PKG_011.SP_011_100
Ctrl118Controller.cs,2,2,2,0,3,0,0,CORP.PKG_023.SP_023_029|CORP.PKG_011.SP_011_001|CORP.PKG_011.SP_011_032
Ctrl119Controller.cs,3,0,3,0,6,0,1,CORP.PKG_023.SP_023_023|CORP.PKG_023.SP_023_024|CORP.PKG_023.SP_023_025|CORP.PKG_023.SP_023_043
Ctrl120Controller.cs,1,1,1,0,4,0,0,CORP.PKG_011.SP_011_001|CORP.PKG_011.SP_011_032
Ctrl121Controller.cs,2,2,2,0,3,0,0,CORP.PKG_005.SP_005_002|CORP.PKG_011.SP_011_001|CORP.PKG_011.SP_011_032
Ctrl122Controller.cs,2,1,1,0,4,0,0,CORP.PKG_023.SP_023_010
Ctrl123Controller.cs,1,1,1,0,3,0,0,CORP.PKG_023.SP_023_010
Ctrl124Controller.cs,4,0,4,0,3,0,0,CORP.PKG_023.SP_023_015|CORP.PKG_023.SP_023_016|CORP.PKG_023.SP_023_017|CORP.PKG_023.SP_023_018
Ctrl125Controller.cs,1,0,1,0,3,0,0,CORP.PKG_023.SP_023_005
Ctrl126Controller.cs,2,2,2,0,4,0,0,CORP.PKG_023.SP_023_001|CORP.PKG_023.SP_023_002
Ctrl127Controller.cs,9,"8,2",9,0,8,0,0,CORP.PKG_005.SP_005_024|CORP.PKG_005.SP_005_014|CORP.PKG_005.SP_005_015|CORP.PKG_005.SP_005_016|CORP.PKG_005.SP_005_017|CORP.PKG_005.SP_005_018|CORP.PKG_005.SP_005_019|CORP.PKG_005.SP_005_022|CORP.PKG_011.SP_011_003|CORP.PKG_011.SP_011_019|CORP.PKG_011.SP_011_034|CORP.PKG_011.SP_011_113|CORP.PKG_011.SP_011_114
Ctrl128Controller.cs,0,0,0,0,1,1,0,
Ctrl129Controller.cs,6,0,6,0,7,0,0,CORP.PKG_011.SP_011_121|CORP.PKG_011.SP_011_060|CORP.PKG_011.SP_011_058|CORP.PKG_011.SP_011_059
Ctrl130Controller.cs,4,"3,8",4,0,5,0,0,CORP.PKG_011.SP_011_005|CORP.PKG_011.SP_011_023|CORP.PKG_011.SP_011_024|CORP.PKG_011.SP_011_036|CORP.PKG_011.SP_011_026|CORP.PKG_011.SP_011_027|CORP.PKG_011.SP_011_028|CORP.PKG_011.SP_011_029|CORP.PKG_011.SP_011_037|CORP.PKG_011.SP_011_122
Ctrl131Controller.cs,5,"4,8",5,0,4,0,0,CORP.PKG_011.SP_011_046|CORP.PKG_011.SP_011_045|CORP.PKG_011.SP_011_083|CORP.PKG_011.SP_011_042|CORP.PKG_011.SP_011_043|CORP.PKG_011.SP_011_044|CORP.PKG_011.SP_011_026|CORP.PKG_011.SP_011_027|CORP.PKG_011.SP_011_028|CORP.PKG_011.SP_011_029|CORP.PKG_011.SP_011_037|CORP.PKG_011.SP_011_122
Ctrl132Controller.cs,0,0,0,0,2,0,2,
Ctrl133Controller.cs,6,"0,8",6,0,10,0,0,CORP.PKG_011.SP_011_142|CORP.PKG_011.SP_011_145|CORP.PKG_011.SP_011_143|CORP.PKG_011.SP_011_141|CORP.PKG_011.SP_011_144|CORP.PKG_011.SP_011_026|CORP.PKG_011.SP_011_027|CORP.PKG_011.SP_011_028|CORP.PKG_011.SP_011_029|CORP.PKG_011.SP_011_037|CORP.PKG_011.SP_011_122
Ctrl134Controller.cs,1,1,1,0,3,0,0,CORP.PKG_023.SP_023_019
Ctrl135Controller.cs,3,3,3,0,4,0,0,CORP.PKG_023.SP_023_020|CORP.PKG_023.SP_023_038|CORP.PKG_023.SP_023_033
Ctrl136Controller.cs,6,6,6,0,6,0,0,CORP.PKG_011.SP_011_117|CORP.PKG_011.SP_011_118|CORP.PKG_011.SP_011_119|CORP.PKG_011.SP_011_120|CORP.PKG_011.SP_011_115|CORP.PKG_011.SP_011_116
Ctrl137Controller.cs,3,3,3,0,5,0,0,CORP.PKG_027.SP_027_001|CORP.PKG_027.SP_027_002|CORP.PKG_027.SP_027_003
Ctrl138Controller.cs,5,5,5,0,2,0,0,CORP.PKG_028.SP_028_005|CORP.PKG_028.SP_028_007|CORP.PKG_028.SP_028_006|CORP.PKG_028.SP_028_008
Ctrl139Controller.cs,7,2,7,0,9,0,0,CORP.PKG_011.SP_011_003|CORP.PKG_011.SP_011_019|CORP.PKG_011.SP_011_034|CORP.PKG_011.SP_011_113|CORP.PKG_011.SP_011_114|CORP.PKG_011.SP_011_026|CORP.PKG_011.SP_011_027|CORP.PKG_011.SP_011_028|CORP.PKG_011.SP_011_029|CORP.PKG_011.SP_011_037|CORP.PKG_011.SP_011_122
Ctrl140Controller.cs,3,"2,8",3,0,6,0,0,CORP.PKG_009.SP_009_016|CORP.PKG_009.SP_009_015|CORP.PKG_009.SP_009_024|CORP.PKG_009.SP_009_023|CORP.PKG_011.SP_011_026|CORP.PKG_011.SP_011_027|CORP.PKG_011.SP_011_028|CORP.PKG_011.SP_011_029|CORP.PKG_011.SP_011_037|CORP.PKG_011.SP_011_122
Ctrl141Controller.cs,3,3,3,0,4,0,0,CORP.PKG_011.SP_011_001|CORP.PKG_011.SP_011_032|CORP.PKG_023.SP_023_037|CORP.PKG_011.SP_011_083|CORP.PKG_011.SP_011_042|CORP.PKG_011.SP_011_043|CORP.PKG_011.SP_011_044
Ctrl142Controller.cs,5,"4,3",5,2,6,0,3,CORP.PKG_011.SP_011_149|CORP.PKG_011.SP_011_140|CORP.PKG_011.SP_011_132|CORP.PKG_011.SP_011_127|CORP.PKG_011.SP_011_129|CORP.PKG_011.SP_011_130|CORP.PKG_011.SP_011_131
Ctrl143Controller.cs,3,3,3,0,6,0,0,CORP.PKG_023.SP_023_031|CORP.PKG_023.SP_023_032|CORP.PKG_023.SP_023_034
Ctrl144Controller.cs,2,"0,5",2,0,3,0,0,CORP.PKG_005.SP_005_031|CORP.PKG_005.SP_005_030|CORP.PKG_023.SP_023_022
Ctrl145Controller.cs,8,"5,4",8,7,10,0,0,CORP.PKG_011.SP_011_161|CORP.PKG_011.SP_011_165|CORP.PKG_011.SP_011_166|CORP.PKG_011.SP_011_157|CORP.PKG_011.SP_011_153|CORP.PKG_011.SP_011_154
Ctrl146Controller.cs,6,"4,6",6,0,7,0,0,CORP.PKG_011.SP_011_103|CORP.PKG_011.SP_011_102|CORP.PKG_011.SP_011_101|CORP.PKG_011.SP_011_138|CORP.PKG_011.SP_011_026|CORP.PKG_011.SP_011_027|CORP.PKG_011.SP_011_028|CORP.PKG_011.SP_011_029|CORP.PKG_011.SP_011_037|CORP.PKG_011.SP_011_122
Ctrl147Controller.cs,1,0,1,0,3,0,0,CORP.PKG_023.SP_023_021
Ctrl148Controller.cs,1,1,1,0,3,0,0,CORP.PKG_023.SP_023_014
Ctrl149Controller.cs,4,0,1,0,4,0,0,
Ctrl150Controller.cs,8,"2,2",4,0,5,0,0,CORP.PKG_011.SP_011_002|CORP.PKG_011.SP_011_015|CORP.PKG_011.SP_011_033|CORP.PKG_011.SP_011_003|CORP.PKG_011.SP_011_019|CORP.PKG_011.SP_011_034|CORP.PKG_011.SP_011_113|CORP.PKG_011.SP_011_114|CORP.PKG_011.SP_011_016|CORP.PKG_011.SP_011_017|CORP.PKG_011.SP_011_018|CORP.PKG_011.SP_011_159
Ctrl151Controller.cs,4,0,1,0,4,0,0,
Ctrl152Controller.cs,5,"4,8",5,0,6,0,0,CORP.PKG_011.SP_011_016|CORP.PKG_011.SP_011_017|CORP.PKG_011.SP_011_018|CORP.PKG_011.SP_011_159|CORP.PKG_011.SP_011_026|CORP.PKG_011.SP_011_027|CORP.PKG_011.SP_011_028|CORP.PKG_011.SP_011_029|CORP.PKG_011.SP_011_037|CORP.PKG_011.SP_011_122
Ctrl153Controller.cs,5,"4,8",5,0,4,0,0,CORP.PKG_011.SP_011_083|CORP.PKG_011.SP_011_042|CORP.PKG_011.SP_011_043|CORP.PKG_011.SP_011_044|CORP.PKG_011.SP_011_026|CORP.PKG_011.SP_011_027|CORP.PKG_011.SP_011_028|CORP.PKG_011.SP_011_029|CORP.PKG_011.SP_011_037|CORP.PKG_011.SP_011_122
Ctrl154Controller.cs,5,5,5,0,6,0,0,
