OWNER,PACKAGE_NAME,SUBPROGRAM_NAME,TABLE_NAME
CORP,PKG_001,SP_001_002,TBL_001
CORP,PKG_001,SP_001_003,TBL_002
CORP,PKG_001,SP_001_004,TBL_003
CORP,PKG_002,SP_002_001,TBL_004
CORP,PKG_003,SP_003_002,TBL_005
CORP,PKG_003,SP_003_002,TBL_006
CORP,PKG_003,SP_003_002,TBL_007
CORP,PKG_003,SP_003_002,TBL_008
CORP,PKG_003,SP_003_002,TBL_009
CORP,PKG_003,SP_003_002,TBL_010
CORP,PKG_003,SP_003_001,TBL_011
CORP,PKG_003,SP_003_001,TBL_010
CORP,PKG_003,SP_003_001,TBL_012
CORP,PKG_004,SP_004_022,TBL_013
CORP,PKG_004,SP_004_022,TBL_009
CORP,PKG_004,SP_004_008,TBL_006
CORP,PKG_004,SP_004_008,TBL_007
CORP,PKG_004,SP_004_008,TBL_008
CORP,PKG_004,SP_004_008,TBL_014
CORP,PKG_004,SP_004_009,TBL_006
CORP,PKG_004,SP_004_009,TBL_015
CORP,PKG_004,SP_004_009,TBL_007
CORP,PKG_004,SP_004_009,TBL_008
CORP,PKG_004,SP_004_009,TBL_016
CORP,PKG_004,SP_004_009,TBL_017
CORP,PKG_004,SP_004_009,TBL_018
CORP,PKG_004,SP_004_009,TBL_009
CORP,PKG_004,SP_004_009,TBL_014
CORP,PKG_004,SP_004_009,TBL_019
CORP,PKG_004,SP_004_009,TBL_020
CORP,PKG_004,SP_004_017,TBL_021
CORP,PKG_004,SP_004_013,TBL_013
CORP,PKG_004,SP_004_013,TBL_009
CORP,PKG_004,SP_004_013,TBL_010
CORP,PKG_004,SP_004_010,TBL_006
CORP,PKG_004,SP_004_010,TBL_015
CORP,PKG_004,SP_004_010,TBL_007
CORP,PKG_004,SP_004_010,TBL_008
CORP,PKG_004,SP_004_010,TBL_016
CORP,PKG_004,SP_004_010,TBL_017
CORP,PKG_004,SP_004_010,TBL_009
CORP,PKG_004,SP_004_010,TBL_014
CORP,PKG_004,SP_004_010,TBL_020
CORP,PKG_004,SP_004_014,TBL_013
CORP,PKG_004,SP_004_012,TBL_013
CORP,PKG_004,SP_004_012,TBL_009
CORP,PKG_004,SP_004_011,TBL_013
CORP,PKG_004,SP_004_011,TBL_006
CORP,PKG_004,SP_004_011,TBL_008
CORP,PKG_004,SP_004_011,TBL_009
CORP,PKG_004,SP_004_011,TBL_020
CORP,PKG_004,SP_004_015,TBL_013
CORP,PKG_004,SP_004_015,TBL_005
CORP,PKG_004,SP_004_015,TBL_009
CORP,PKG_004,SP_004_015,TBL_010
CORP,PKG_004,SP_004_016,TBL_013
CORP,PKG_004,SP_004_016,TBL_005
CORP,PKG_004,SP_004_016,TBL_009
CORP,PKG_004,SP_004_016,TBL_010
CORP,PKG_004,SP_004_004,TBL_009
CORP,PKG_004,SP_004_004,TBL_010
CORP,PKG_004,SP_004_005,TBL_009
CORP,PKG_004,SP_004_005,TBL_010
CORP,PKG_004,SP_004_003,TBL_009
CORP,PKG_004,SP_004_003,TBL_010
CORP,PKG_004,SP_004_002,TBL_009
CORP,PKG_004,SP_004_002,TBL_010
CORP,PKG_004,SP_004_001,TBL_005
CORP,PKG_004,SP_004_001,TBL_009
CORP,PKG_004,SP_004_001,TBL_010
CORP,PKG_004,SP_004_006,TBL_009
CORP,PKG_004,SP_004_006,TBL_010
CORP,PKG_004,SP_004_007,TBL_013
CORP,PKG_004,SP_004_007,TBL_009
CORP,PKG_004,SP_004_021,TBL_022
CORP,PKG_004,SP_004_020,TBL_022
CORP,PKG_004,SP_004_019,TBL_005
CORP,PKG_004,SP_004_019,TBL_006
CORP,PKG_004,SP_004_019,TBL_009
CORP,PKG_004,SP_004_019,TBL_010
CORP,PKG_004,SP_004_019,TBL_023
CORP,PKG_004,SP_004_019,TBL_022
CORP,PKG_005,SP_005_029,TBL_011
CORP,PKG_005,SP_005_029,TBL_024
CORP,PKG_005,SP_005_029,TBL_025
CORP,PKG_005,SP_005_029,TBL_010
CORP,PKG_005,SP_005_012,TBL_026
CORP,PKG_005,SP_005_012,TBL_024
CORP,PKG_005,SP_005_012,TBL_006
CORP,PKG_005,SP_005_012,TBL_008
CORP,PKG_005,SP_005_012,TBL_009
CORP,PKG_005,SP_005_012,TBL_010
CORP,PKG_005,SP_005_012,TBL_012
CORP,PKG_005,SP_005_026,TBL_011
CORP,PKG_005,SP_005_026,TBL_027
CORP,PKG_005,SP_005_026,TBL_028
CORP,PKG_005,SP_005_026,TBL_024
CORP,PKG_005,SP_005_026,TBL_025
CORP,PKG_005,SP_005_026,TBL_006
CORP,PKG_005,SP_005_026,TBL_008
CORP,PKG_005,SP_005_026,TBL_009
CORP,PKG_005,SP_005_026,TBL_010
CORP,PKG_005,SP_005_026,TBL_012
CORP,PKG_005,SP_005_008,TBL_026
CORP,PKG_005,SP_005_007,TBL_026
CORP,PKG_005,SP_005_007,TBL_027
CORP,PKG_005,SP_005_007,TBL_024
CORP,PKG_005,SP_005_007,TBL_006
CORP,PKG_005,SP_005_007,TBL_008
CORP,PKG_005,SP_005_007,TBL_009
CORP,PKG_005,SP_005_007,TBL_010
CORP,PKG_005,SP_005_007,TBL_012
CORP,PKG_005,SP_005_027,TBL_011
CORP,PKG_005,SP_005_015,TBL_029
CORP,PKG_005,SP_005_025,TBL_011
CORP,PKG_005,SP_005_025,TBL_030
CORP,PKG_005,SP_005_025,TBL_028
CORP,PKG_005,SP_005_028,TBL_011
CORP,PKG_005,SP_005_028,TBL_028
CORP,PKG_005,SP_005_020,TBL_031
CORP,PKG_005,SP_005_020,TBL_011
CORP,PKG_005,SP_005_020,TBL_003
CORP,PKG_005,SP_005_020,TBL_030
CORP,PKG_005,SP_005_020,TBL_032
CORP,PKG_005,SP_005_020,TBL_033
CORP,PKG_005,SP_005_020,TBL_001
CORP,PKG_005,SP_005_018,TBL_011
CORP,PKG_005,SP_005_018,TBL_028
CORP,PKG_005,SP_005_018,TBL_025
CORP,PKG_005,SP_005_017,TBL_011
CORP,PKG_005,SP_005_017,TBL_028
CORP,PKG_005,SP_005_016,TBL_029
CORP,PKG_005,SP_005_016,TBL_011
CORP,PKG_005,SP_005_016,TBL_028
CORP,PKG_005,SP_005_024,TBL_029
CORP,PKG_005,SP_005_024,TBL_011
CORP,PKG_005,SP_005_006,TBL_026
CORP,PKG_005,SP_005_006,TBL_006
CORP,PKG_005,SP_005_006,TBL_008
CORP,PKG_005,SP_005_006,TBL_009
CORP,PKG_005,SP_005_006,TBL_012
CORP,PKG_005,SP_005_004,TBL_026
CORP,PKG_005,SP_005_004,TBL_027
CORP,PKG_005,SP_005_004,TBL_034
CORP,PKG_005,SP_005_004,TBL_024
CORP,PKG_005,SP_005_005,TBL_026
CORP,PKG_005,SP_005_005,TBL_027
CORP,PKG_005,SP_005_005,TBL_034
CORP,PKG_005,SP_005_005,TBL_024
CORP,PKG_005,SP_005_023,TBL_011
CORP,PKG_005,SP_005_033,TBL_031
CORP,PKG_005,SP_005_032,TBL_003
CORP,PKG_005,SP_005_034,TBL_031
CORP,PKG_005,SP_005_034,TBL_011
CORP,PKG_005,SP_005_034,TBL_030
CORP,PKG_005,SP_005_002,TBL_027
CORP,PKG_005,SP_005_002,TBL_034
CORP,PKG_005,SP_005_002,TBL_005
CORP,PKG_005,SP_005_002,TBL_035
CORP,PKG_005,SP_005_002,TBL_024
CORP,PKG_005,SP_005_002,TBL_032
CORP,PKG_005,SP_005_002,TBL_006
CORP,PKG_005,SP_005_002,TBL_007
CORP,PKG_005,SP_005_002,TBL_008
CORP,PKG_005,SP_005_002,TBL_036
CORP,PKG_005,SP_005_002,TBL_009
CORP,PKG_005,SP_005_002,TBL_037
CORP,PKG_005,SP_005_009,TBL_038
CORP,PKG_005,SP_005_009,TBL_039
CORP,PKG_005,SP_005_009,TBL_009
CORP,PKG_005,SP_005_013,TBL_026
CORP,PKG_005,SP_005_014,TBL_029
CORP,PKG_005,SP_005_014,TBL_011
CORP,PKG_005,SP_005_014,TBL_028
CORP,PKG_005,SP_005_019,TBL_031
CORP,PKG_005,SP_005_019,TBL_011
CORP,PKG_005,SP_005_001,TBL_035
CORP,PKG_005,SP_005_001,TBL_040
CORP,PKG_005,SP_005_001,TBL_024
CORP,PKG_005,SP_005_001,TBL_032
CORP,PKG_005,SP_005_001,TBL_009
CORP,PKG_005,SP_005_001,TBL_041
CORP,PKG_005,SP_005_031,TBL_028
CORP,PKG_005,SP_005_010,TBL_011
CORP,PKG_005,SP_005_010,TBL_028
CORP,PKG_005,SP_005_010,TBL_024
CORP,PKG_005,SP_005_010,TBL_025
CORP,PKG_005,SP_005_010,TBL_006
CORP,PKG_005,SP_005_010,TBL_008
CORP,PKG_005,SP_005_010,TBL_009
CORP,PKG_005,SP_005_010,TBL_010
CORP,PKG_005,SP_005_010,TBL_012
CORP,PKG_005,SP_005_010,TBL_042
CORP,PKG_005,SP_005_030,TBL_031
CORP,PKG_005,SP_005_030,TBL_011
CORP,PKG_005,SP_005_030,TBL_003
CORP,PKG_005,SP_005_030,TBL_035
CORP,PKG_005,SP_005_030,TBL_024
CORP,PKG_005,SP_005_030,TBL_032
CORP,PKG_005,SP_005_030,TBL_009
CORP,PKG_005,SP_005_030,TBL_043
CORP,PKG_005,SP_005_030,TBL_044
CORP,PKG_005,SP_005_030,TBL_001
CORP,PKG_005,SP_005_021,TBL_011
CORP,PKG_005,SP_005_021,TBL_045
CORP,PKG_005,SP_005_003,TBL_046
CORP,PKG_005,SP_005_011,TBL_011
CORP,PKG_005,SP_005_011,TBL_010
CORP,PKG_005,SP_005_011,TBL_012
CORP,PKG_005,SP_005_022,TBL_029
CORP,PKG_006,SP_006_006,TBL_047
CORP,PKG_006,SP_006_003,TBL_047
CORP,PKG_006,SP_006_002,TBL_047
CORP,PKG_006,SP_006_002,TBL_048
CORP,PKG_006,SP_006_001,TBL_047
CORP,PKG_006,SP_006_001,TBL_048
CORP,PKG_006,SP_006_001,TBL_049
CORP,PKG_006,SP_006_007,TBL_048
CORP,PKG_006,SP_006_005,TBL_047
CORP,PKG_006,SP_006_005,TBL_048
CORP,PKG_006,SP_006_005,TBL_049
CORP,PKG_006,SP_006_004,TBL_047
CORP,PKG_007,SP_007_004,TBL_024
CORP,PKG_007,SP_007_004,TBL_006
CORP,PKG_007,SP_007_004,TBL_007
CORP,PKG_007,SP_007_004,TBL_008
CORP,PKG_007,SP_007_004,TBL_009
CORP,PKG_007,SP_007_003,TBL_050
CORP,PKG_007,SP_007_003,TBL_031
CORP,PKG_007,SP_007_003,TBL_051
CORP,PKG_007,SP_007_003,TBL_052
CORP,PKG_007,SP_007_003,TBL_053
CORP,PKG_007,SP_007_003,TBL_034
CORP,PKG_007,SP_007_003,TBL_024
CORP,PKG_007,SP_007_003,TBL_006
CORP,PKG_007,SP_007_003,TBL_007
CORP,PKG_007,SP_007_003,TBL_008
CORP,PKG_007,SP_007_003,TBL_009
CORP,PKG_007,SP_007_003,TBL_001
CORP,PKG_008,SP_008_004,TBL_006
CORP,PKG_008,SP_008_004,TBL_009
CORP,PKG_008,SP_008_004,TBL_014
CORP,PKG_008,SP_008_002,TBL_005
CORP,PKG_008,SP_008_002,TBL_006
CORP,PKG_008,SP_008_002,TBL_009
CORP,PKG_008,SP_008_002,TBL_014
CORP,PKG_008,SP_008_002,TBL_054
CORP,PKG_008,SP_008_002,TBL_010
CORP,PKG_008,SP_008_009,TBL_027
CORP,PKG_008,SP_008_009,TBL_034
CORP,PKG_008,SP_008_009,TBL_005
CORP,PKG_008,SP_008_009,TBL_024
CORP,PKG_008,SP_008_009,TBL_032
CORP,PKG_008,SP_008_010,TBL_009
CORP,PKG_008,SP_008_005,TBL_055
CORP,PKG_008,SP_008_005,TBL_006
CORP,PKG_008,SP_008_005,TBL_056
CORP,PKG_008,SP_008_005,TBL_014
CORP,PKG_009,SP_009_091,TBL_057
CORP,PKG_009,SP_009_091,TBL_058
CORP,PKG_009,SP_009_091,TBL_007
CORP,PKG_009,SP_009_097,TBL_027
CORP,PKG_009,SP_009_097,TBL_009
CORP,PKG_009,SP_009_023,TBL_024
CORP,PKG_009,SP_009_023,TBL_010
CORP,PKG_009,SP_009_023,TBL_059
CORP,PKG_009,SP_009_093,TBL_060
CORP,PKG_009,SP_009_093,TBL_009
CORP,PKG_009,SP_009_067,TBL_061
CORP,PKG_009,SP_009_086,TBL_057
CORP,PKG_009,SP_009_086,TBL_058
CORP,PKG_009,SP_009_021,TBL_056
CORP,PKG_009,SP_009_018,TBL_006
CORP,PKG_009,SP_009_018,TBL_059
CORP,PKG_009,SP_009_022,TBL_006
CORP,PKG_009,SP_009_022,TBL_018
CORP,PKG_009,SP_009_022,TBL_062
CORP,PKG_009,SP_009_022,TBL_009
CORP,PKG_009,SP_009_019,TBL_006
CORP,PKG_009,SP_009_019,TBL_008
CORP,PKG_009,SP_009_019,TBL_059
CORP,PKG_009,SP_009_017,TBL_009
CORP,PKG_009,SP_009_036,TBL_023
CORP,PKG_009,SP_009_064,TBL_063
CORP,PKG_009,SP_009_078,TBL_064
CORP,PKG_009,SP_009_055,TBL_065
CORP,PKG_009,SP_009_037,TBL_066
CORP,PKG_009,SP_009_081,TBL_067
CORP,PKG_009,SP_009_081,TBL_068
CORP,PKG_009,SP_009_080,TBL_067
CORP,PKG_009,SP_009_080,TBL_068
CORP,PKG_009,SP_009_099,TBL_069
CORP,PKG_009,SP_009_024,TBL_006
CORP,PKG_009,SP_009_024,TBL_059
CORP,PKG_009,SP_009_068,TBL_070
CORP,PKG_009,SP_009_014,TBL_062
CORP,PKG_009,SP_009_007,TBL_006
CORP,PKG_009,SP_009_100,TBL_069
CORP,PKG_009,SP_009_087,TBL_057
CORP,PKG_009,SP_009_088,TBL_057
CORP,PKG_009,SP_009_031,TBL_037
CORP,PKG_009,SP_009_008,TBL_006
CORP,PKG_009,SP_009_011,TBL_056
CORP,PKG_009,SP_009_012,TBL_062
CORP,PKG_009,SP_009_096,TBL_051
CORP,PKG_009,SP_009_096,TBL_006
CORP,PKG_009,SP_009_096,TBL_007
CORP,PKG_009,SP_009_096,TBL_008
CORP,PKG_009,SP_009_096,TBL_009
CORP,PKG_009,SP_009_076,TBL_035
CORP,PKG_009,SP_009_076,TBL_071
CORP,PKG_009,SP_009_076,TBL_009
CORP,PKG_009,SP_009_075,TBL_009
CORP,PKG_009,SP_009_043,TBL_015
CORP,PKG_009,SP_009_043,TBL_008
CORP,PKG_009,SP_009_043,TBL_016
CORP,PKG_009,SP_009_043,TBL_017
CORP,PKG_009,SP_009_004,TBL_011
CORP,PKG_009,SP_009_004,TBL_013
CORP,PKG_009,SP_009_004,TBL_072
CORP,PKG_009,SP_009_004,TBL_073
CORP,PKG_009,SP_009_004,TBL_074
CORP,PKG_009,SP_009_004,TBL_005
CORP,PKG_009,SP_009_004,TBL_035
CORP,PKG_009,SP_009_004,TBL_040
CORP,PKG_009,SP_009_004,TBL_024
CORP,PKG_009,SP_009_004,TBL_032
CORP,PKG_009,SP_009_004,TBL_006
CORP,PKG_009,SP_009_004,TBL_015
CORP,PKG_009,SP_009_004,TBL_008
CORP,PKG_009,SP_009_004,TBL_017
CORP,PKG_009,SP_009_004,TBL_009
CORP,PKG_009,SP_009_004,TBL_012
CORP,PKG_009,SP_009_004,TBL_059
CORP,PKG_009,SP_009_003,TBL_011
CORP,PKG_009,SP_009_003,TBL_013
CORP,PKG_009,SP_009_003,TBL_072
CORP,PKG_009,SP_009_003,TBL_073
CORP,PKG_009,SP_009_003,TBL_074
CORP,PKG_009,SP_009_003,TBL_005
CORP,PKG_009,SP_009_003,TBL_035
CORP,PKG_009,SP_009_003,TBL_040
CORP,PKG_009,SP_009_003,TBL_024
CORP,PKG_009,SP_009_003,TBL_032
CORP,PKG_009,SP_009_003,TBL_006
CORP,PKG_009,SP_009_003,TBL_015
CORP,PKG_009,SP_009_003,TBL_008
CORP,PKG_009,SP_009_003,TBL_017
CORP,PKG_009,SP_009_003,TBL_009
CORP,PKG_009,SP_009_003,TBL_012
CORP,PKG_009,SP_009_003,TBL_059
CORP,PKG_009,SP_009_010,TBL_011
CORP,PKG_009,SP_009_010,TBL_074
CORP,PKG_009,SP_009_010,TBL_035
CORP,PKG_009,SP_009_010,TBL_006
CORP,PKG_009,SP_009_010,TBL_007
CORP,PKG_009,SP_009_010,TBL_008
CORP,PKG_009,SP_009_010,TBL_009
CORP,PKG_009,SP_009_010,TBL_012
CORP,PKG_009,SP_009_010,TBL_037
CORP,PKG_009,SP_009_010,TBL_059
CORP,PKG_009,SP_009_006,TBL_006
CORP,PKG_009,SP_009_006,TBL_008
CORP,PKG_009,SP_009_072,TBL_006
CORP,PKG_009,SP_009_072,TBL_008
CORP,PKG_009,SP_009_025,TBL_006
CORP,PKG_009,SP_009_013,TBL_006
CORP,PKG_009,SP_009_013,TBL_018
CORP,PKG_009,SP_009_013,TBL_062
CORP,PKG_009,SP_009_040,TBL_006
CORP,PKG_009,SP_009_040,TBL_008
CORP,PKG_009,SP_009_040,TBL_009
CORP,PKG_009,SP_009_059,TBL_006
CORP,PKG_009,SP_009_059,TBL_009
CORP,PKG_009,SP_009_060,TBL_006
CORP,PKG_009,SP_009_060,TBL_008
CORP,PKG_009,SP_009_026,TBL_006
CORP,PKG_009,SP_009_026,TBL_008
CORP,PKG_009,SP_009_041,TBL_006
CORP,PKG_009,SP_009_041,TBL_009
CORP,PKG_009,SP_009_041,TBL_014
CORP,PKG_009,SP_009_001,TBL_011
CORP,PKG_009,SP_009_001,TBL_013
CORP,PKG_009,SP_009_001,TBL_027
CORP,PKG_009,SP_009_001,TBL_072
CORP,PKG_009,SP_009_001,TBL_073
CORP,PKG_009,SP_009_001,TBL_074
CORP,PKG_009,SP_009_001,TBL_034
CORP,PKG_009,SP_009_001,TBL_028
CORP,PKG_009,SP_009_001,TBL_005
CORP,PKG_009,SP_009_001,TBL_035
CORP,PKG_009,SP_009_001,TBL_040
CORP,PKG_009,SP_009_001,TBL_024
CORP,PKG_009,SP_009_001,TBL_025
CORP,PKG_009,SP_009_001,TBL_032
CORP,PKG_009,SP_009_001,TBL_006
CORP,PKG_009,SP_009_001,TBL_015
CORP,PKG_009,SP_009_001,TBL_008
CORP,PKG_009,SP_009_001,TBL_017
CORP,PKG_009,SP_009_001,TBL_009
CORP,PKG_009,SP_009_001,TBL_012
CORP,PKG_009,SP_009_001,TBL_023
CORP,PKG_009,SP_009_001,TBL_059
CORP,PKG_009,SP_009_001,TBL_066
CORP,PKG_009,SP_009_070,TBL_027
CORP,PKG_009,SP_009_070,TBL_034
CORP,PKG_009,SP_009_070,TBL_005
CORP,PKG_009,SP_009_070,TBL_035
CORP,PKG_009,SP_009_070,TBL_024
CORP,PKG_009,SP_009_070,TBL_032
CORP,PKG_009,SP_009_070,TBL_006
CORP,PKG_009,SP_009_070,TBL_008
CORP,PKG_009,SP_009_070,TBL_009
CORP,PKG_009,SP_009_070,TBL_059
CORP,PKG_009,SP_009_039,TBL_035
CORP,PKG_009,SP_009_039,TBL_006
CORP,PKG_009,SP_009_039,TBL_008
CORP,PKG_009,SP_009_039,TBL_009
CORP,PKG_009,SP_009_039,TBL_059
CORP,PKG_009,SP_009_002,TBL_009
CORP,PKG_009,SP_009_030,TBL_036
CORP,PKG_009,SP_009_030,TBL_009
CORP,PKG_009,SP_009_009,TBL_027
CORP,PKG_009,SP_009_009,TBL_034
CORP,PKG_009,SP_009_009,TBL_005
CORP,PKG_009,SP_009_009,TBL_035
CORP,PKG_009,SP_009_009,TBL_024
CORP,PKG_009,SP_009_009,TBL_009
CORP,PKG_009,SP_009_052,TBL_027
CORP,PKG_009,SP_009_052,TBL_034
CORP,PKG_009,SP_009_052,TBL_035
CORP,PKG_009,SP_009_052,TBL_024
CORP,PKG_009,SP_009_052,TBL_032
CORP,PKG_009,SP_009_052,TBL_009
CORP,PKG_009,SP_009_052,TBL_066
CORP,PKG_009,SP_009_062,TBL_027
CORP,PKG_009,SP_009_062,TBL_034
CORP,PKG_009,SP_009_062,TBL_035
CORP,PKG_009,SP_009_062,TBL_024
CORP,PKG_009,SP_009_062,TBL_032
CORP,PKG_009,SP_009_062,TBL_009
CORP,PKG_009,SP_009_062,TBL_066
CORP,PKG_009,SP_009_050,TBL_009
CORP,PKG_009,SP_009_005,TBL_006
CORP,PKG_009,SP_009_005,TBL_008
CORP,PKG_009,SP_009_032,TBL_009
CORP,PKG_009,SP_009_035,TBL_023
CORP,PKG_009,SP_009_035,TBL_022
CORP,PKG_009,SP_009_061,TBL_006
CORP,PKG_009,SP_009_061,TBL_007
CORP,PKG_009,SP_009_061,TBL_008
CORP,PKG_009,SP_009_029,TBL_038
CORP,PKG_009,SP_009_029,TBL_039
CORP,PKG_009,SP_009_029,TBL_035
CORP,PKG_009,SP_009_029,TBL_006
CORP,PKG_009,SP_009_029,TBL_009
CORP,PKG_009,SP_009_063,TBL_011
CORP,PKG_009,SP_009_063,TBL_063
CORP,PKG_009,SP_009_077,TBL_011
CORP,PKG_009,SP_009_077,TBL_064
CORP,PKG_009,SP_009_028,TBL_074
CORP,PKG_009,SP_009_028,TBL_006
CORP,PKG_009,SP_009_028,TBL_008
CORP,PKG_009,SP_009_028,TBL_009
CORP,PKG_009,SP_009_073,TBL_050
CORP,PKG_009,SP_009_073,TBL_007
CORP,PKG_009,SP_009_042,TBL_050
CORP,PKG_009,SP_009_042,TBL_007
CORP,PKG_009,SP_009_056,TBL_006
CORP,PKG_009,SP_009_056,TBL_007
CORP,PKG_009,SP_009_056,TBL_008
CORP,PKG_009,SP_009_056,TBL_037
CORP,PKG_009,SP_009_056,TBL_065
CORP,PKG_009,SP_009_057,TBL_006
CORP,PKG_009,SP_009_057,TBL_008
CORP,PKG_009,SP_009_057,TBL_065
CORP,PKG_009,SP_009_102,TBL_075
CORP,PKG_009,SP_009_054,TBL_065
CORP,PKG_009,SP_009_053,TBL_009
CORP,PKG_009,SP_009_053,TBL_065
CORP,PKG_009,SP_009_051,TBL_024
CORP,PKG_009,SP_009_051,TBL_009
CORP,PKG_009,SP_009_038,TBL_066
CORP,PKG_009,SP_009_027,TBL_039
CORP,PKG_009,SP_009_027,TBL_006
CORP,PKG_009,SP_009_027,TBL_009
CORP,PKG_009,SP_009_058,TBL_035
CORP,PKG_009,SP_009_058,TBL_009
CORP,PKG_009,SP_009_049,TBL_009
CORP,PKG_009,SP_009_074,TBL_050
CORP,PKG_009,SP_009_074,TBL_006
CORP,PKG_009,SP_009_074,TBL_007
CORP,PKG_009,SP_009_074,TBL_008
CORP,PKG_009,SP_009_074,TBL_009
CORP,PKG_009,SP_009_101,TBL_069
CORP,PKG_009,SP_009_079,TBL_011
CORP,PKG_009,SP_009_079,TBL_025
CORP,PKG_009,SP_009_082,TBL_067
CORP,PKG_009,SP_009_082,TBL_011
CORP,PKG_009,SP_009_082,TBL_027
CORP,PKG_009,SP_009_082,TBL_034
CORP,PKG_009,SP_009_082,TBL_024
CORP,PKG_009,SP_009_082,TBL_009
CORP,PKG_009,SP_009_084,TBL_067
CORP,PKG_009,SP_009_084,TBL_068
CORP,PKG_009,SP_009_084,TBL_011
CORP,PKG_009,SP_009_084,TBL_027
CORP,PKG_009,SP_009_084,TBL_034
CORP,PKG_009,SP_009_084,TBL_024
CORP,PKG_009,SP_009_084,TBL_009
CORP,PKG_009,SP_009_085,TBL_067
CORP,PKG_009,SP_009_085,TBL_027
CORP,PKG_009,SP_009_085,TBL_034
CORP,PKG_009,SP_009_085,TBL_035
CORP,PKG_009,SP_009_085,TBL_024
CORP,PKG_009,SP_009_085,TBL_032
CORP,PKG_009,SP_009_085,TBL_009
CORP,PKG_009,SP_009_048,TBL_076
CORP,PKG_009,SP_009_071,TBL_006
CORP,PKG_009,SP_009_071,TBL_008
CORP,PKG_009,SP_009_071,TBL_009
CORP,PKG_009,SP_009_071,TBL_059
CORP,PKG_009,SP_009_089,TBL_057
CORP,PKG_009,SP_009_089,TBL_058
CORP,PKG_009,SP_009_089,TBL_006
CORP,PKG_009,SP_009_089,TBL_007
CORP,PKG_009,SP_009_089,TBL_008
CORP,PKG_009,SP_009_089,TBL_009
CORP,PKG_009,SP_009_066,TBL_061
CORP,PKG_009,SP_009_016,TBL_027
CORP,PKG_009,SP_009_016,TBL_034
CORP,PKG_009,SP_009_016,TBL_024
CORP,PKG_009,SP_009_016,TBL_059
CORP,PKG_009,SP_009_015,TBL_027
CORP,PKG_009,SP_009_015,TBL_034
CORP,PKG_009,SP_009_015,TBL_024
CORP,PKG_009,SP_009_015,TBL_059
CORP,PKG_009,SP_009_069,TBL_070
CORP,PKG_009,SP_009_065,TBL_061
CORP,PKG_009,SP_009_092,TBL_009
CORP,PKG_009,SP_009_092,TBL_077
CORP,PKG_009,SP_009_034,TBL_078
CORP,PKG_009,SP_009_034,TBL_079
CORP,PKG_009,SP_009_033,TBL_005
CORP,PKG_009,SP_009_033,TBL_024
CORP,PKG_009,SP_009_033,TBL_006
CORP,PKG_009,SP_009_033,TBL_009
CORP,PKG_009,SP_009_033,TBL_010
CORP,PKG_009,SP_009_033,TBL_023
CORP,PKG_009,SP_009_045,TBL_005
CORP,PKG_009,SP_009_045,TBL_006
CORP,PKG_009,SP_009_045,TBL_009
CORP,PKG_009,SP_009_045,TBL_010
CORP,PKG_009,SP_009_046,TBL_076
CORP,PKG_009,SP_009_083,TBL_067
CORP,PKG_009,SP_009_083,TBL_068
CORP,PKG_009,SP_009_044,TBL_009
CORP,PKG_009,SP_009_047,TBL_076
CORP,PKG_009,SP_009_020,TBL_006
CORP,PKG_009,SP_009_098,TBL_009
CORP,PKG_009,SP_009_094,TBL_060
CORP,PKG_009,SP_009_094,TBL_009
CORP,PKG_009,SP_009_095,TBL_057
CORP,PKG_009,SP_009_095,TBL_058
CORP,PKG_009,SP_009_095,TBL_007
CORP,PKG_009,SP_009_090,TBL_058
CORP,PKG_010,SP_010_015,TBL_013
CORP,PKG_010,SP_010_015,TBL_005
CORP,PKG_010,SP_010_015,TBL_006
CORP,PKG_010,SP_010_015,TBL_008
CORP,PKG_010,SP_010_015,TBL_009
CORP,PKG_010,SP_010_015,TBL_010
CORP,PKG_010,SP_010_014,TBL_013
CORP,PKG_010,SP_010_014,TBL_005
CORP,PKG_010,SP_010_014,TBL_009
CORP,PKG_010,SP_010_014,TBL_010
CORP,PKG_010,SP_010_018,TBL_013
CORP,PKG_010,SP_010_018,TBL_005
CORP,PKG_010,SP_010_018,TBL_009
CORP,PKG_010,SP_010_018,TBL_010
CORP,PKG_010,SP_010_012,TBL_013
CORP,PKG_010,SP_010_012,TBL_005
CORP,PKG_010,SP_010_012,TBL_009
CORP,PKG_010,SP_010_012,TBL_010
CORP,PKG_010,SP_010_010,TBL_013
CORP,PKG_010,SP_010_010,TBL_009
CORP,PKG_010,SP_010_002,TBL_013
CORP,PKG_010,SP_010_019,TBL_013
CORP,PKG_010,SP_010_019,TBL_027
CORP,PKG_010,SP_010_019,TBL_034
CORP,PKG_010,SP_010_019,TBL_005
CORP,PKG_010,SP_010_019,TBL_035
CORP,PKG_010,SP_010_019,TBL_024
CORP,PKG_010,SP_010_019,TBL_032
CORP,PKG_010,SP_010_019,TBL_009
CORP,PKG_010,SP_010_019,TBL_010
CORP,PKG_010,SP_010_007,TBL_013
CORP,PKG_010,SP_010_017,TBL_013
CORP,PKG_010,SP_010_017,TBL_005
CORP,PKG_010,SP_010_017,TBL_009
CORP,PKG_010,SP_010_017,TBL_010
CORP,PKG_010,SP_010_013,TBL_013
CORP,PKG_010,SP_010_013,TBL_005
CORP,PKG_010,SP_010_013,TBL_009
CORP,PKG_010,SP_010_013,TBL_010
CORP,PKG_010,SP_010_001,TBL_013
CORP,PKG_010,SP_010_001,TBL_009
CORP,PKG_010,SP_010_009,TBL_013
CORP,PKG_010,SP_010_009,TBL_080
CORP,PKG_010,SP_010_021,TBL_081
CORP,PKG_010,SP_010_020,TBL_009
CORP,PKG_010,SP_010_020,TBL_081
CORP,PKG_010,SP_010_020,TBL_010
CORP,PKG_010,SP_010_006,TBL_013
CORP,PKG_010,SP_010_003,TBL_013
CORP,PKG_010,SP_010_003,TBL_009
CORP,PKG_010,SP_010_008,TBL_013
CORP,PKG_010,SP_010_008,TBL_009
CORP,PKG_010,SP_010_008,TBL_022
CORP,PKG_010,SP_010_022,TBL_013
CORP,PKG_010,SP_010_022,TBL_027
CORP,PKG_010,SP_010_022,TBL_034
CORP,PKG_010,SP_010_022,TBL_005
CORP,PKG_010,SP_010_022,TBL_035
CORP,PKG_010,SP_010_022,TBL_024
CORP,PKG_010,SP_010_022,TBL_032
CORP,PKG_010,SP_010_022,TBL_009
CORP,PKG_010,SP_010_022,TBL_010
CORP,PKG_010,SP_010_016,TBL_013
CORP,PKG_010,SP_010_016,TBL_005
CORP,PKG_010,SP_010_016,TBL_009
CORP,PKG_010,SP_010_016,TBL_010
CORP,PKG_011,SP_011_160,TBL_027
CORP,PKG_011,SP_011_160,TBL_034
CORP,PKG_011,SP_011_160,TBL_024
CORP,PKG_011,SP_011_049,TBL_082
CORP,PKG_011,SP_011_050,TBL_027
CORP,PKG_011,SP_011_050,TBL_034
CORP,PKG_011,SP_011_050,TBL_024
CORP,PKG_011,SP_011_050,TBL_082
CORP,PKG_011,SP_011_048,TBL_027
CORP,PKG_011,SP_011_048,TBL_034
CORP,PKG_011,SP_011_048,TBL_024
CORP,PKG_011,SP_011_048,TBL_082
CORP,PKG_011,SP_011_051,TBL_082
CORP,PKG_011,SP_011_070,TBL_074
CORP,PKG_011,SP_011_070,TBL_006
CORP,PKG_011,SP_011_070,TBL_008
CORP,PKG_011,SP_011_070,TBL_009
CORP,PKG_011,SP_011_145,TBL_013
CORP,PKG_011,SP_011_145,TBL_078
CORP,PKG_011,SP_011_145,TBL_009
CORP,PKG_011,SP_011_159,TBL_005
CORP,PKG_011,SP_011_159,TBL_032
CORP,PKG_011,SP_011_159,TBL_009
CORP,PKG_011,SP_011_130,TBL_075
CORP,PKG_011,SP_011_033,TBL_027
CORP,PKG_011,SP_011_033,TBL_024
CORP,PKG_011,SP_011_033,TBL_009
CORP,PKG_011,SP_011_014,TBL_038
CORP,PKG_011,SP_011_011,TBL_039
CORP,PKG_011,SP_011_075,TBL_050
CORP,PKG_011,SP_011_075,TBL_083
CORP,PKG_011,SP_011_075,TBL_084
CORP,PKG_011,SP_011_075,TBL_085
CORP,PKG_011,SP_011_075,TBL_006
CORP,PKG_011,SP_011_075,TBL_007
CORP,PKG_011,SP_011_075,TBL_008
CORP,PKG_011,SP_011_075,TBL_009
CORP,PKG_011,SP_011_077,TBL_084
CORP,PKG_011,SP_011_076,TBL_085
CORP,PKG_011,SP_011_032,TBL_027
CORP,PKG_011,SP_011_032,TBL_034
CORP,PKG_011,SP_011_032,TBL_009
CORP,PKG_011,SP_011_071,TBL_055
CORP,PKG_011,SP_011_071,TBL_014
CORP,PKG_011,SP_011_114,TBL_025
CORP,PKG_011,SP_011_152,TBL_086
CORP,PKG_011,SP_011_035,TBL_005
CORP,PKG_011,SP_011_035,TBL_009
CORP,PKG_011,SP_011_036,TBL_027
CORP,PKG_011,SP_011_036,TBL_039
CORP,PKG_011,SP_011_036,TBL_035
CORP,PKG_011,SP_011_036,TBL_024
CORP,PKG_011,SP_011_036,TBL_032
CORP,PKG_011,SP_011_036,TBL_009
CORP,PKG_011,SP_011_046,TBL_071
CORP,PKG_011,SP_011_034,TBL_027
CORP,PKG_011,SP_011_034,TBL_024
CORP,PKG_011,SP_011_034,TBL_032
CORP,PKG_011,SP_011_034,TBL_009
CORP,PKG_011,SP_011_018,TBL_027
CORP,PKG_011,SP_011_018,TBL_087
CORP,PKG_011,SP_011_018,TBL_005
CORP,PKG_011,SP_011_018,TBL_035
CORP,PKG_011,SP_011_018,TBL_024
CORP,PKG_011,SP_011_018,TBL_032
CORP,PKG_011,SP_011_018,TBL_009
CORP,PKG_011,SP_011_042,TBL_033
CORP,PKG_011,SP_011_038,TBL_062
CORP,PKG_011,SP_011_105,TBL_088
CORP,PKG_011,SP_011_082,TBL_032
CORP,PKG_011,SP_011_082,TBL_033
CORP,PKG_011,SP_011_082,TBL_089
CORP,PKG_011,SP_011_037,TBL_010
CORP,PKG_011,SP_011_054,TBL_090
CORP,PKG_011,SP_011_108,TBL_091
CORP,PKG_011,SP_011_163,TBL_092
CORP,PKG_011,SP_011_074,TBL_093
CORP,PKG_011,SP_011_067,TBL_074
CORP,PKG_011,SP_011_067,TBL_010
CORP,PKG_011,SP_011_089,TBL_094
CORP,PKG_011,SP_011_099,TBL_095
CORP,PKG_011,SP_011_094,TBL_096
CORP,PKG_011,SP_011_096,TBL_097
CORP,PKG_011,SP_011_092,TBL_098
CORP,PKG_011,SP_011_136,TBL_006
CORP,PKG_011,SP_011_136,TBL_008
CORP,PKG_011,SP_011_136,TBL_009
CORP,PKG_011,SP_011_136,TBL_010
CORP,PKG_011,SP_011_136,TBL_099
CORP,PKG_011,SP_011_047,TBL_100
CORP,PKG_011,SP_011_053,TBL_101
CORP,PKG_011,SP_011_052,TBL_082
CORP,PKG_011,SP_011_143,TBL_078
CORP,PKG_011,SP_011_143,TBL_079
CORP,PKG_011,SP_011_143,TBL_006
CORP,PKG_011,SP_011_142,TBL_079
CORP,PKG_011,SP_011_060,TBL_102
CORP,PKG_011,SP_011_118,TBL_103
CORP,PKG_011,SP_011_126,TBL_075
CORP,PKG_011,SP_011_140,TBL_104
CORP,PKG_011,SP_011_154,TBL_053
CORP,PKG_011,SP_011_103,TBL_105
CORP,PKG_011,SP_011_103,TBL_009
CORP,PKG_011,SP_011_103,TBL_010
CORP,PKG_011,SP_011_059,TBL_102
CORP,PKG_011,SP_011_010,TBL_082
CORP,PKG_011,SP_011_061,TBL_027
CORP,PKG_011,SP_011_061,TBL_034
CORP,PKG_011,SP_011_061,TBL_024
CORP,PKG_011,SP_011_061,TBL_090
CORP,PKG_011,SP_011_061,TBL_100
CORP,PKG_011,SP_011_123,TBL_030
CORP,PKG_011,SP_011_120,TBL_106
CORP,PKG_011,SP_011_120,TBL_107
CORP,PKG_011,SP_011_120,TBL_103
CORP,PKG_011,SP_011_157,TBL_052
CORP,PKG_011,SP_011_157,TBL_053
CORP,PKG_011,SP_011_153,TBL_027
CORP,PKG_011,SP_011_153,TBL_053
CORP,PKG_011,SP_011_153,TBL_034
CORP,PKG_011,SP_011_153,TBL_024
CORP,PKG_011,SP_011_029,TBL_024
CORP,PKG_011,SP_011_029,TBL_010
CORP,PKG_011,SP_011_146,TBL_074
CORP,PKG_011,SP_011_146,TBL_078
CORP,PKG_011,SP_011_146,TBL_006
CORP,PKG_011,SP_011_141,TBL_027
CORP,PKG_011,SP_011_141,TBL_034
CORP,PKG_011,SP_011_141,TBL_035
CORP,PKG_011,SP_011_141,TBL_024
CORP,PKG_011,SP_011_141,TBL_032
CORP,PKG_011,SP_011_141,TBL_009
CORP,PKG_011,SP_011_002,TBL_027
CORP,PKG_011,SP_011_002,TBL_034
CORP,PKG_011,SP_011_015,TBL_027
CORP,PKG_011,SP_011_022,TBL_087
CORP,PKG_011,SP_011_012,TBL_038
CORP,PKG_011,SP_011_013,TBL_038
CORP,PKG_011,SP_011_008,TBL_039
CORP,PKG_011,SP_011_007,TBL_027
CORP,PKG_011,SP_011_007,TBL_039
CORP,PKG_011,SP_011_007,TBL_034
CORP,PKG_011,SP_011_007,TBL_035
CORP,PKG_011,SP_011_007,TBL_024
CORP,PKG_011,SP_011_007,TBL_032
CORP,PKG_011,SP_011_078,TBL_027
CORP,PKG_011,SP_011_078,TBL_083
CORP,PKG_011,SP_011_078,TBL_034
CORP,PKG_011,SP_011_078,TBL_035
CORP,PKG_011,SP_011_078,TBL_024
CORP,PKG_011,SP_011_078,TBL_032
CORP,PKG_011,SP_011_078,TBL_009
CORP,PKG_011,SP_011_085,TBL_011
CORP,PKG_011,SP_011_085,TBL_083
CORP,PKG_011,SP_011_085,TBL_084
CORP,PKG_011,SP_011_084,TBL_083
CORP,PKG_011,SP_011_084,TBL_085
CORP,PKG_011,SP_011_001,TBL_034
CORP,PKG_011,SP_011_072,TBL_055
CORP,PKG_011,SP_011_113,TBL_028
CORP,PKG_011,SP_011_004,TBL_027
CORP,PKG_011,SP_011_004,TBL_034
CORP,PKG_011,SP_011_004,TBL_005
CORP,PKG_011,SP_011_004,TBL_024
CORP,PKG_011,SP_011_004,TBL_032
CORP,PKG_011,SP_011_004,TBL_009
CORP,PKG_011,SP_011_020,TBL_005
CORP,PKG_011,SP_011_021,TBL_005
CORP,PKG_011,SP_011_156,TBL_027
CORP,PKG_011,SP_011_156,TBL_034
CORP,PKG_011,SP_011_156,TBL_086
CORP,PKG_011,SP_011_156,TBL_005
CORP,PKG_011,SP_011_156,TBL_024
CORP,PKG_011,SP_011_156,TBL_032
CORP,PKG_011,SP_011_156,TBL_009
CORP,PKG_011,SP_011_005,TBL_027
CORP,PKG_011,SP_011_005,TBL_034
CORP,PKG_011,SP_011_005,TBL_035
CORP,PKG_011,SP_011_005,TBL_024
CORP,PKG_011,SP_011_005,TBL_032
CORP,PKG_011,SP_011_023,TBL_035
CORP,PKG_011,SP_011_024,TBL_035
CORP,PKG_011,SP_011_006,TBL_040
CORP,PKG_011,SP_011_003,TBL_027
CORP,PKG_011,SP_011_003,TBL_034
CORP,PKG_011,SP_011_003,TBL_028
CORP,PKG_011,SP_011_003,TBL_024
CORP,PKG_011,SP_011_003,TBL_025
CORP,PKG_011,SP_011_019,TBL_024
CORP,PKG_011,SP_011_016,TBL_027
CORP,PKG_011,SP_011_016,TBL_034
CORP,PKG_011,SP_011_016,TBL_024
CORP,PKG_011,SP_011_016,TBL_032
CORP,PKG_011,SP_011_017,TBL_024
CORP,PKG_011,SP_011_017,TBL_032
CORP,PKG_011,SP_011_028,TBL_005
CORP,PKG_011,SP_011_028,TBL_009
CORP,PKG_011,SP_011_028,TBL_010
CORP,PKG_011,SP_011_040,TBL_072
CORP,PKG_011,SP_011_040,TBL_073
CORP,PKG_011,SP_011_039,TBL_072
CORP,PKG_011,SP_011_039,TBL_073
CORP,PKG_011,SP_011_031,TBL_056
CORP,PKG_011,SP_011_031,TBL_062
CORP,PKG_011,SP_011_104,TBL_027
CORP,PKG_011,SP_011_104,TBL_034
CORP,PKG_011,SP_011_104,TBL_040
CORP,PKG_011,SP_011_104,TBL_088
CORP,PKG_011,SP_011_106,TBL_027
CORP,PKG_011,SP_011_106,TBL_034
CORP,PKG_011,SP_011_106,TBL_040
CORP,PKG_011,SP_011_106,TBL_088
CORP,PKG_011,SP_011_125,TBL_088
CORP,PKG_011,SP_011_030,TBL_056
CORP,PKG_011,SP_011_139,TBL_006
CORP,PKG_011,SP_011_139,TBL_008
CORP,PKG_011,SP_011_139,TBL_009
CORP,PKG_011,SP_011_063,TBL_071
CORP,PKG_011,SP_011_063,TBL_009
CORP,PKG_011,SP_011_080,TBL_032
CORP,PKG_011,SP_011_080,TBL_089
CORP,PKG_011,SP_011_080,TBL_108
CORP,PKG_011,SP_011_081,TBL_024
CORP,PKG_011,SP_011_081,TBL_032
CORP,PKG_011,SP_011_081,TBL_033
CORP,PKG_011,SP_011_081,TBL_089
CORP,PKG_011,SP_011_081,TBL_108
CORP,PKG_011,SP_011_079,TBL_083
CORP,PKG_011,SP_011_079,TBL_085
CORP,PKG_011,SP_011_026,TBL_027
CORP,PKG_011,SP_011_026,TBL_034
CORP,PKG_011,SP_011_026,TBL_005
CORP,PKG_011,SP_011_026,TBL_035
CORP,PKG_011,SP_011_026,TBL_024
CORP,PKG_011,SP_011_026,TBL_032
CORP,PKG_011,SP_011_026,TBL_010
CORP,PKG_011,SP_011_026,TBL_109
CORP,PKG_011,SP_011_122,TBL_024
CORP,PKG_011,SP_011_122,TBL_025
CORP,PKG_011,SP_011_122,TBL_010
CORP,PKG_011,SP_011_124,TBL_009
CORP,PKG_011,SP_011_100,TBL_009
CORP,PKG_011,SP_011_100,TBL_090
CORP,PKG_011,SP_011_100,TBL_100
CORP,PKG_011,SP_011_041,TBL_009
CORP,PKG_011,SP_011_027,TBL_010
CORP,PKG_011,SP_011_138,TBL_009
CORP,PKG_011,SP_011_110,TBL_098
CORP,PKG_011,SP_011_110,TBL_096
CORP,PKG_011,SP_011_110,TBL_097
CORP,PKG_011,SP_011_107,TBL_091
CORP,PKG_011,SP_011_107,TBL_027
CORP,PKG_011,SP_011_107,TBL_034
CORP,PKG_011,SP_011_107,TBL_035
CORP,PKG_011,SP_011_107,TBL_024
CORP,PKG_011,SP_011_107,TBL_032
CORP,PKG_011,SP_011_107,TBL_098
CORP,PKG_011,SP_011_107,TBL_096
CORP,PKG_011,SP_011_107,TBL_097
CORP,PKG_011,SP_011_109,TBL_091
CORP,PKG_011,SP_011_109,TBL_027
CORP,PKG_011,SP_011_109,TBL_034
CORP,PKG_011,SP_011_109,TBL_035
CORP,PKG_011,SP_011_109,TBL_024
CORP,PKG_011,SP_011_109,TBL_032
CORP,PKG_011,SP_011_109,TBL_097
CORP,PKG_011,SP_011_112,TBL_110
CORP,PKG_011,SP_011_112,TBL_035
CORP,PKG_011,SP_011_149,TBL_024
CORP,PKG_011,SP_011_149,TBL_111
CORP,PKG_011,SP_011_149,TBL_043
CORP,PKG_011,SP_011_149,TBL_001
CORP,PKG_011,SP_011_111,TBL_091
CORP,PKG_011,SP_011_111,TBL_035
CORP,PKG_011,SP_011_111,TBL_098
CORP,PKG_011,SP_011_111,TBL_096
CORP,PKG_011,SP_011_111,TBL_097
CORP,PKG_011,SP_011_115,TBL_106
CORP,PKG_011,SP_011_162,TBL_027
CORP,PKG_011,SP_011_162,TBL_034
CORP,PKG_011,SP_011_162,TBL_024
CORP,PKG_011,SP_011_162,TBL_032
CORP,PKG_011,SP_011_162,TBL_092
CORP,PKG_011,SP_011_087,TBL_024
CORP,PKG_011,SP_011_087,TBL_032
CORP,PKG_011,SP_011_087,TBL_089
CORP,PKG_011,SP_011_087,TBL_108
CORP,PKG_011,SP_011_086,TBL_083
CORP,PKG_011,SP_011_086,TBL_009
CORP,PKG_011,SP_011_073,TBL_093
CORP,PKG_011,SP_011_068,TBL_074
CORP,PKG_011,SP_011_068,TBL_006
CORP,PKG_011,SP_011_068,TBL_008
CORP,PKG_011,SP_011_068,TBL_009
CORP,PKG_011,SP_011_068,TBL_010
CORP,PKG_011,SP_011_065,TBL_027
CORP,PKG_011,SP_011_065,TBL_074
CORP,PKG_011,SP_011_065,TBL_034
CORP,PKG_011,SP_011_065,TBL_024
CORP,PKG_011,SP_011_065,TBL_032
CORP,PKG_011,SP_011_064,TBL_027
CORP,PKG_011,SP_011_064,TBL_074
CORP,PKG_011,SP_011_064,TBL_034
CORP,PKG_011,SP_011_064,TBL_024
CORP,PKG_011,SP_011_064,TBL_032
CORP,PKG_011,SP_011_064,TBL_010
CORP,PKG_011,SP_011_066,TBL_074
CORP,PKG_011,SP_011_066,TBL_006
CORP,PKG_011,SP_011_066,TBL_009
CORP,PKG_011,SP_011_098,TBL_035
CORP,PKG_011,SP_011_098,TBL_032
CORP,PKG_011,SP_011_098,TBL_094
CORP,PKG_011,SP_011_088,TBL_027
CORP,PKG_011,SP_011_088,TBL_034
CORP,PKG_011,SP_011_088,TBL_035
CORP,PKG_011,SP_011_088,TBL_024
CORP,PKG_011,SP_011_088,TBL_032
CORP,PKG_011,SP_011_088,TBL_094
CORP,PKG_011,SP_011_097,TBL_011
CORP,PKG_011,SP_011_097,TBL_027
CORP,PKG_011,SP_011_097,TBL_034
CORP,PKG_011,SP_011_097,TBL_035
CORP,PKG_011,SP_011_097,TBL_024
CORP,PKG_011,SP_011_097,TBL_032
CORP,PKG_011,SP_011_097,TBL_009
CORP,PKG_011,SP_011_097,TBL_094
CORP,PKG_011,SP_011_097,TBL_095
CORP,PKG_011,SP_011_097,TBL_097
CORP,PKG_011,SP_011_150,TBL_091
CORP,PKG_011,SP_011_150,TBL_011
CORP,PKG_011,SP_011_150,TBL_027
CORP,PKG_011,SP_011_150,TBL_034
CORP,PKG_011,SP_011_150,TBL_035
CORP,PKG_011,SP_011_150,TBL_024
CORP,PKG_011,SP_011_150,TBL_032
CORP,PKG_011,SP_011_150,TBL_009
CORP,PKG_011,SP_011_150,TBL_094
CORP,PKG_011,SP_011_150,TBL_095
CORP,PKG_011,SP_011_150,TBL_097
CORP,PKG_011,SP_011_090,TBL_027
CORP,PKG_011,SP_011_090,TBL_034
CORP,PKG_011,SP_011_090,TBL_035
CORP,PKG_011,SP_011_090,TBL_024
CORP,PKG_011,SP_011_090,TBL_032
CORP,PKG_011,SP_011_090,TBL_094
CORP,PKG_011,SP_011_093,TBL_098
CORP,PKG_011,SP_011_093,TBL_096
CORP,PKG_011,SP_011_095,TBL_098
CORP,PKG_011,SP_011_095,TBL_096
CORP,PKG_011,SP_011_095,TBL_097
CORP,PKG_011,SP_011_091,TBL_098
CORP,PKG_011,SP_011_044,TBL_001
CORP,PKG_011,SP_011_135,TBL_112
CORP,PKG_011,SP_011_134,TBL_112
CORP,PKG_011,SP_011_137,TBL_050
CORP,PKG_011,SP_011_137,TBL_007
CORP,PKG_011,SP_011_137,TBL_112
CORP,PKG_011,SP_011_137,TBL_099
CORP,PKG_011,SP_011_133,TBL_112
CORP,PKG_011,SP_011_055,TBL_027
CORP,PKG_011,SP_011_055,TBL_034
CORP,PKG_011,SP_011_055,TBL_024
CORP,PKG_011,SP_011_055,TBL_100
CORP,PKG_011,SP_011_062,TBL_027
CORP,PKG_011,SP_011_062,TBL_034
CORP,PKG_011,SP_011_062,TBL_024
CORP,PKG_011,SP_011_062,TBL_100
CORP,PKG_011,SP_011_009,TBL_101
CORP,PKG_011,SP_011_056,TBL_027
CORP,PKG_011,SP_011_056,TBL_034
CORP,PKG_011,SP_011_056,TBL_024
CORP,PKG_011,SP_011_056,TBL_082
CORP,PKG_011,SP_011_025,TBL_109
CORP,PKG_011,SP_011_155,TBL_109
CORP,PKG_011,SP_011_121,TBL_102
CORP,PKG_011,SP_011_045,TBL_027
CORP,PKG_011,SP_011_045,TBL_034
CORP,PKG_011,SP_011_045,TBL_035
CORP,PKG_011,SP_011_045,TBL_071
CORP,PKG_011,SP_011_045,TBL_024
CORP,PKG_011,SP_011_045,TBL_032
CORP,PKG_011,SP_011_116,TBL_107
CORP,PKG_011,SP_011_144,TBL_027
CORP,PKG_011,SP_011_144,TBL_074
CORP,PKG_011,SP_011_144,TBL_034
CORP,PKG_011,SP_011_144,TBL_035
CORP,PKG_011,SP_011_144,TBL_078
CORP,PKG_011,SP_011_144,TBL_079
CORP,PKG_011,SP_011_144,TBL_024
CORP,PKG_011,SP_011_144,TBL_032
CORP,PKG_011,SP_011_144,TBL_009
CORP,PKG_011,SP_011_144,TBL_059
CORP,PKG_011,SP_011_058,TBL_102
CORP,PKG_011,SP_011_119,TBL_106
CORP,PKG_011,SP_011_119,TBL_107
CORP,PKG_011,SP_011_119,TBL_103
CORP,PKG_011,SP_011_117,TBL_106
CORP,PKG_011,SP_011_117,TBL_107
CORP,PKG_011,SP_011_117,TBL_103
CORP,PKG_011,SP_011_132,TBL_075
CORP,PKG_011,SP_011_131,TBL_027
CORP,PKG_011,SP_011_131,TBL_034
CORP,PKG_011,SP_011_131,TBL_035
CORP,PKG_011,SP_011_131,TBL_075
CORP,PKG_011,SP_011_131,TBL_024
CORP,PKG_011,SP_011_131,TBL_032
CORP,PKG_011,SP_011_131,TBL_009
CORP,PKG_011,SP_011_161,TBL_053
CORP,PKG_011,SP_011_101,TBL_027
CORP,PKG_011,SP_011_101,TBL_034
CORP,PKG_011,SP_011_101,TBL_105
CORP,PKG_011,SP_011_101,TBL_024
CORP,PKG_011,SP_011_101,TBL_009
CORP,PKG_011,SP_011_102,TBL_027
CORP,PKG_011,SP_011_102,TBL_034
CORP,PKG_011,SP_011_102,TBL_105
CORP,PKG_011,SP_011_102,TBL_024
CORP,PKG_011,SP_011_102,TBL_009
CORP,PKG_011,SP_011_043,TBL_027
CORP,PKG_011,SP_011_043,TBL_034
CORP,PKG_011,SP_011_043,TBL_024
CORP,PKG_011,SP_011_043,TBL_032
CORP,PKG_011,SP_011_043,TBL_033
CORP,PKG_011,SP_011_083,TBL_024
CORP,PKG_011,SP_011_083,TBL_032
CORP,PKG_011,SP_011_083,TBL_033
CORP,PKG_011,SP_011_127,TBL_075
CORP,PKG_011,SP_011_147,TBL_027
CORP,PKG_011,SP_011_147,TBL_034
CORP,PKG_011,SP_011_147,TBL_035
CORP,PKG_011,SP_011_147,TBL_078
CORP,PKG_011,SP_011_147,TBL_024
CORP,PKG_011,SP_011_147,TBL_032
CORP,PKG_011,SP_011_147,TBL_009
CORP,PKG_011,SP_011_147,TBL_010
CORP,PKG_011,SP_011_129,TBL_075
CORP,PKG_011,SP_011_128,TBL_027
CORP,PKG_011,SP_011_128,TBL_034
CORP,PKG_011,SP_011_128,TBL_035
CORP,PKG_011,SP_011_128,TBL_024
CORP,PKG_011,SP_011_128,TBL_006
CORP,PKG_011,SP_011_128,TBL_008
CORP,PKG_011,SP_011_128,TBL_009
CORP,PKG_011,SP_011_128,TBL_010
CORP,PKG_012,SP_012_026,TBL_007
CORP,PKG_012,SP_012_056,TBL_091
CORP,PKG_012,SP_012_056,TBL_110
CORP,PKG_012,SP_012_056,TBL_006
CORP,PKG_012,SP_012_056,TBL_009
CORP,PKG_012,SP_012_033,TBL_012
CORP,PKG_012,SP_012_060,TBL_052
CORP,PKG_012,SP_012_060,TBL_053
CORP,PKG_012,SP_012_060,TBL_006
CORP,PKG_012,SP_012_060,TBL_007
CORP,PKG_012,SP_012_060,TBL_008
CORP,PKG_012,SP_012_060,TBL_009
CORP,PKG_012,SP_012_065,TBL_050
CORP,PKG_012,SP_012_065,TBL_006
CORP,PKG_012,SP_012_065,TBL_007
CORP,PKG_012,SP_012_065,TBL_008
CORP,PKG_012,SP_012_065,TBL_009
CORP,PKG_012,SP_012_022,TBL_015
CORP,PKG_012,SP_012_021,TBL_016
CORP,PKG_012,SP_012_023,TBL_017
CORP,PKG_012,SP_012_024,TBL_007
CORP,PKG_012,SP_012_017,TBL_006
CORP,PKG_012,SP_012_017,TBL_015
CORP,PKG_012,SP_012_017,TBL_007
CORP,PKG_012,SP_012_017,TBL_008
CORP,PKG_012,SP_012_017,TBL_016
CORP,PKG_012,SP_012_017,TBL_017
CORP,PKG_012,SP_012_017,TBL_020
CORP,PKG_012,SP_012_017,TBL_099
CORP,PKG_012,SP_012_047,TBL_113
CORP,PKG_012,SP_012_045,TBL_015
CORP,PKG_012,SP_012_045,TBL_008
CORP,PKG_012,SP_012_045,TBL_017
CORP,PKG_012,SP_012_050,TBL_008
CORP,PKG_012,SP_012_050,TBL_016
CORP,PKG_012,SP_012_049,TBL_008
CORP,PKG_012,SP_012_049,TBL_012
CORP,PKG_012,SP_012_044,TBL_050
CORP,PKG_012,SP_012_044,TBL_007
CORP,PKG_012,SP_012_044,TBL_008
CORP,PKG_012,SP_012_042,TBL_114
CORP,PKG_012,SP_012_046,TBL_008
CORP,PKG_012,SP_012_046,TBL_114
CORP,PKG_012,SP_012_054,TBL_008
CORP,PKG_012,SP_012_054,TBL_115
CORP,PKG_012,SP_012_051,TBL_115
CORP,PKG_012,SP_012_019,TBL_116
CORP,PKG_012,SP_012_020,TBL_037
CORP,PKG_012,SP_012_048,TBL_020
CORP,PKG_012,SP_012_018,TBL_008
CORP,PKG_012,SP_012_061,TBL_117
CORP,PKG_012,SP_012_005,TBL_015
CORP,PKG_012,SP_012_003,TBL_008
CORP,PKG_012,SP_012_036,TBL_050
CORP,PKG_012,SP_012_036,TBL_011
CORP,PKG_012,SP_012_004,TBL_006
CORP,PKG_012,SP_012_004,TBL_008
CORP,PKG_012,SP_012_009,TBL_011
CORP,PKG_012,SP_012_009,TBL_028
CORP,PKG_012,SP_012_009,TBL_025
CORP,PKG_012,SP_012_009,TBL_009
CORP,PKG_012,SP_012_011,TBL_011
CORP,PKG_012,SP_012_011,TBL_028
CORP,PKG_012,SP_012_011,TBL_025
CORP,PKG_012,SP_012_011,TBL_006
CORP,PKG_012,SP_012_011,TBL_008
CORP,PKG_012,SP_012_011,TBL_009
CORP,PKG_012,SP_012_011,TBL_012
CORP,PKG_012,SP_012_028,TBL_031
CORP,PKG_012,SP_012_028,TBL_011
CORP,PKG_012,SP_012_028,TBL_012
CORP,PKG_012,SP_012_059,TBL_053
CORP,PKG_012,SP_012_059,TBL_006
CORP,PKG_012,SP_012_059,TBL_007
CORP,PKG_012,SP_012_059,TBL_008
CORP,PKG_012,SP_012_059,TBL_009
CORP,PKG_012,SP_012_015,TBL_017
CORP,PKG_012,SP_012_014,TBL_006
CORP,PKG_012,SP_012_014,TBL_015
CORP,PKG_012,SP_012_014,TBL_008
CORP,PKG_012,SP_012_013,TBL_006
CORP,PKG_012,SP_012_013,TBL_008
CORP,PKG_012,SP_012_013,TBL_016
CORP,PKG_012,SP_012_007,TBL_011
CORP,PKG_012,SP_012_007,TBL_006
CORP,PKG_012,SP_012_007,TBL_007
CORP,PKG_012,SP_012_007,TBL_008
CORP,PKG_012,SP_012_007,TBL_012
CORP,PKG_012,SP_012_007,TBL_037
CORP,PKG_012,SP_012_016,TBL_006
CORP,PKG_012,SP_012_016,TBL_008
CORP,PKG_012,SP_012_016,TBL_017
CORP,PKG_012,SP_012_027,TBL_007
CORP,PKG_012,SP_012_053,TBL_105
CORP,PKG_012,SP_012_053,TBL_008
CORP,PKG_012,SP_012_053,TBL_115
CORP,PKG_012,SP_012_002,TBL_008
CORP,PKG_012,SP_012_040,TBL_008
CORP,PKG_012,SP_012_040,TBL_114
CORP,PKG_012,SP_012_010,TBL_116
CORP,PKG_012,SP_012_038,TBL_011
CORP,PKG_012,SP_012_038,TBL_006
CORP,PKG_012,SP_012_038,TBL_008
CORP,PKG_012,SP_012_038,TBL_009
CORP,PKG_012,SP_012_038,TBL_012
CORP,PKG_012,SP_012_032,TBL_118
CORP,PKG_012,SP_012_012,TBL_037
CORP,PKG_012,SP_012_001,TBL_006
CORP,PKG_012,SP_012_001,TBL_008
CORP,PKG_012,SP_012_035,TBL_016
CORP,PKG_012,SP_012_008,TBL_050
CORP,PKG_012,SP_012_008,TBL_011
CORP,PKG_012,SP_012_008,TBL_052
CORP,PKG_012,SP_012_008,TBL_053
CORP,PKG_012,SP_012_008,TBL_007
CORP,PKG_012,SP_012_008,TBL_008
CORP,PKG_012,SP_012_008,TBL_117
CORP,PKG_012,SP_012_008,TBL_037
CORP,PKG_012,SP_012_062,TBL_006
CORP,PKG_012,SP_012_062,TBL_007
CORP,PKG_012,SP_012_062,TBL_008
CORP,PKG_012,SP_012_062,TBL_117
CORP,PKG_012,SP_012_062,TBL_009
CORP,PKG_012,SP_012_037,TBL_031
CORP,PKG_012,SP_012_052,TBL_105
CORP,PKG_012,SP_012_052,TBL_006
CORP,PKG_012,SP_012_052,TBL_009
CORP,PKG_012,SP_012_029,TBL_012
CORP,PKG_012,SP_012_041,TBL_105
CORP,PKG_012,SP_012_057,TBL_065
CORP,PKG_012,SP_012_058,TBL_065
CORP,PKG_012,SP_012_063,TBL_027
CORP,PKG_012,SP_012_063,TBL_034
CORP,PKG_012,SP_012_063,TBL_035
CORP,PKG_012,SP_012_063,TBL_024
CORP,PKG_012,SP_012_063,TBL_009
CORP,PKG_012,SP_012_063,TBL_119
CORP,PKG_012,SP_012_063,TBL_120
CORP,PKG_012,SP_012_064,TBL_027
CORP,PKG_012,SP_012_064,TBL_034
CORP,PKG_012,SP_012_064,TBL_035
CORP,PKG_012,SP_012_064,TBL_024
CORP,PKG_012,SP_012_064,TBL_009
CORP,PKG_012,SP_012_064,TBL_119
CORP,PKG_012,SP_012_064,TBL_120
CORP,PKG_012,SP_012_034,TBL_016
CORP,PKG_012,SP_012_031,TBL_118
CORP,PKG_012,SP_012_039,TBL_011
CORP,PKG_012,SP_012_039,TBL_006
CORP,PKG_012,SP_012_039,TBL_008
CORP,PKG_012,SP_012_039,TBL_009
CORP,PKG_012,SP_012_039,TBL_012
CORP,PKG_012,SP_012_030,TBL_012
CORP,PKG_012,SP_012_006,TBL_008
CORP,PKG_012,SP_012_043,TBL_005
CORP,PKG_012,SP_012_043,TBL_024
CORP,PKG_012,SP_012_043,TBL_006
CORP,PKG_012,SP_012_043,TBL_114
CORP,PKG_012,SP_012_043,TBL_009
CORP,PKG_012,SP_012_043,TBL_010
CORP,PKG_012,SP_012_055,TBL_005
CORP,PKG_012,SP_012_055,TBL_105
CORP,PKG_012,SP_012_055,TBL_024
CORP,PKG_012,SP_012_055,TBL_006
CORP,PKG_012,SP_012_055,TBL_115
CORP,PKG_012,SP_012_055,TBL_009
CORP,PKG_012,SP_012_055,TBL_010
CORP,PKG_012,SP_012_025,TBL_007
CORP,PKG_013,SP_013_002,TBL_006
CORP,PKG_013,SP_013_002,TBL_008
CORP,PKG_013,SP_013_002,TBL_009
CORP,PKG_013,SP_013_002,TBL_121
CORP,PKG_013,SP_013_004,TBL_019
CORP,PKG_013,SP_013_001,TBL_121
CORP,PKG_013,SP_013_003,TBL_019
CORP,PKG_014,SP_014_005,TBL_024
CORP,PKG_014,SP_014_005,TBL_054
CORP,PKG_014,SP_014_005,TBL_010
CORP,PKG_014,SP_014_002,TBL_054
CORP,PKG_014,SP_014_002,TBL_122
CORP,PKG_014,SP_014_002,TBL_123
CORP,PKG_014,SP_014_004,TBL_005
CORP,PKG_014,SP_014_004,TBL_009
CORP,PKG_014,SP_014_004,TBL_054
CORP,PKG_014,SP_014_004,TBL_122
CORP,PKG_014,SP_014_004,TBL_123
CORP,PKG_014,SP_014_004,TBL_010
CORP,PKG_014,SP_014_004,TBL_124
CORP,PKG_014,SP_014_001,TBL_054
CORP,PKG_014,SP_014_001,TBL_122
CORP,PKG_014,SP_014_001,TBL_123
CORP,PKG_014,SP_014_008,TBL_009
CORP,PKG_014,SP_014_008,TBL_054
CORP,PKG_014,SP_014_008,TBL_122
CORP,PKG_014,SP_014_008,TBL_123
CORP,PKG_014,SP_014_010,TBL_009
CORP,PKG_014,SP_014_010,TBL_054
CORP,PKG_014,SP_014_010,TBL_122
CORP,PKG_014,SP_014_010,TBL_123
CORP,PKG_014,SP_014_009,TBL_009
CORP,PKG_014,SP_014_009,TBL_054
CORP,PKG_014,SP_014_009,TBL_122
CORP,PKG_014,SP_014_009,TBL_123
CORP,PKG_014,SP_014_006,TBL_010
CORP,PKG_014,SP_014_011,TBL_005
CORP,PKG_014,SP_014_011,TBL_009
CORP,PKG_014,SP_014_011,TBL_054
CORP,PKG_014,SP_014_011,TBL_122
CORP,PKG_014,SP_014_011,TBL_123
CORP,PKG_014,SP_014_011,TBL_010
CORP,PKG_014,SP_014_003,TBL_005
CORP,PKG_014,SP_014_003,TBL_009
CORP,PKG_014,SP_014_003,TBL_054
CORP,PKG_014,SP_014_003,TBL_122
CORP,PKG_014,SP_014_003,TBL_123
CORP,PKG_014,SP_014_003,TBL_010
CORP,PKG_014,SP_014_003,TBL_124
CORP,PKG_014,SP_014_007,TBL_011
CORP,PKG_014,SP_014_007,TBL_024
CORP,PKG_014,SP_014_007,TBL_025
CORP,PKG_014,SP_014_007,TBL_054
CORP,PKG_014,SP_014_007,TBL_122
CORP,PKG_014,SP_014_007,TBL_123
CORP,PKG_014,SP_014_007,TBL_010
CORP,PKG_015,SP_015_010,TBL_125
CORP,PKG_015,SP_015_009,TBL_041
CORP,PKG_015,SP_015_009,TBL_125
CORP,PKG_015,SP_015_007,TBL_009
CORP,PKG_015,SP_015_003,TBL_011
CORP,PKG_015,SP_015_003,TBL_009
CORP,PKG_015,SP_015_003,TBL_041
CORP,PKG_015,SP_015_003,TBL_125
CORP,PKG_015,SP_015_008,TBL_011
CORP,PKG_015,SP_015_008,TBL_006
CORP,PKG_015,SP_015_008,TBL_008
CORP,PKG_015,SP_015_008,TBL_009
CORP,PKG_015,SP_015_008,TBL_012
CORP,PKG_015,SP_015_002,TBL_126
CORP,PKG_016,SP_016_006,TBL_020
CORP,PKG_016,SP_016_001,TBL_008
CORP,PKG_016,SP_016_001,TBL_020
CORP,PKG_016,SP_016_002,TBL_008
CORP,PKG_016,SP_016_002,TBL_020
CORP,PKG_016,SP_016_004,TBL_008
CORP,PKG_016,SP_016_004,TBL_020
CORP,PKG_016,SP_016_005,TBL_006
CORP,PKG_016,SP_016_005,TBL_008
CORP,PKG_016,SP_016_005,TBL_020
CORP,PKG_016,SP_016_003,TBL_008
CORP,PKG_016,SP_016_003,TBL_020
CORP,PKG_017,SP_017_008,TBL_127
CORP,PKG_017,SP_017_008,TBL_128
CORP,PKG_017,SP_017_002,TBL_127
CORP,PKG_017,SP_017_001,TBL_127
CORP,PKG_017,SP_017_001,TBL_128
CORP,PKG_017,SP_017_003,TBL_086
CORP,PKG_017,SP_017_003,TBL_006
CORP,PKG_017,SP_017_003,TBL_007
CORP,PKG_017,SP_017_003,TBL_008
CORP,PKG_017,SP_017_003,TBL_009
CORP,PKG_017,SP_017_003,TBL_037
CORP,PKG_017,SP_017_003,TBL_066
CORP,PKG_017,SP_017_006,TBL_129
CORP,PKG_017,SP_017_005,TBL_127
CORP,PKG_017,SP_017_005,TBL_128
CORP,PKG_017,SP_017_009,TBL_127
CORP,PKG_017,SP_017_009,TBL_128
CORP,PKG_018,SP_018_002,TBL_130
CORP,PKG_018,SP_018_001,TBL_002
CORP,PKG_018,SP_018_001,TBL_131
CORP,PKG_018,SP_018_001,TBL_031
CORP,PKG_018,SP_018_001,TBL_003
CORP,PKG_018,SP_018_001,TBL_035
CORP,PKG_018,SP_018_001,TBL_024
CORP,PKG_018,SP_018_001,TBL_009
CORP,PKG_018,SP_018_001,TBL_001
CORP,PKG_019,SP_019_014,TBL_006
CORP,PKG_019,SP_019_014,TBL_009
CORP,PKG_019,SP_019_010,TBL_008
CORP,PKG_019,SP_019_010,TBL_009
CORP,PKG_019,SP_019_009,TBL_008
CORP,PKG_019,SP_019_009,TBL_016
CORP,PKG_019,SP_019_012,TBL_008
CORP,PKG_019,SP_019_012,TBL_012
CORP,PKG_019,SP_019_021,TBL_002
CORP,PKG_019,SP_019_021,TBL_009
CORP,PKG_019,SP_019_007,TBL_050
CORP,PKG_019,SP_019_007,TBL_052
CORP,PKG_019,SP_019_005,TBL_015
CORP,PKG_019,SP_019_005,TBL_008
CORP,PKG_019,SP_019_006,TBL_007
CORP,PKG_019,SP_019_006,TBL_008
CORP,PKG_019,SP_019_008,TBL_050
CORP,PKG_019,SP_019_002,TBL_008
CORP,PKG_019,SP_019_002,TBL_017
CORP,PKG_019,SP_019_013,TBL_006
CORP,PKG_019,SP_019_013,TBL_014
CORP,PKG_019,SP_019_004,TBL_008
CORP,PKG_019,SP_019_004,TBL_009
CORP,PKG_019,SP_019_004,TBL_065
CORP,PKG_019,SP_019_003,TBL_008
CORP,PKG_019,SP_019_003,TBL_115
CORP,PKG_019,SP_019_020,TBL_008
CORP,PKG_019,SP_019_020,TBL_099
CORP,PKG_019,SP_019_015,TBL_009
CORP,PKG_019,SP_019_015,TBL_019
CORP,PKG_019,SP_019_016,TBL_009
CORP,PKG_019,SP_019_016,TBL_063
CORP,PKG_019,SP_019_011,TBL_008
CORP,PKG_019,SP_019_011,TBL_020
CORP,PKG_019,SP_019_017,TBL_009
CORP,PKG_019,SP_019_017,TBL_065
CORP,PKG_019,SP_019_019,TBL_009
CORP,PKG_019,SP_019_019,TBL_066
CORP,PKG_019,SP_019_018,TBL_070
CORP,PKG_019,SP_019_001,TBL_013
CORP,PKG_019,SP_019_001,TBL_027
CORP,PKG_019,SP_019_001,TBL_034
CORP,PKG_019,SP_019_001,TBL_005
CORP,PKG_019,SP_019_001,TBL_035
CORP,PKG_019,SP_019_001,TBL_024
CORP,PKG_019,SP_019_001,TBL_032
CORP,PKG_019,SP_019_001,TBL_006
CORP,PKG_019,SP_019_001,TBL_008
CORP,PKG_019,SP_019_001,TBL_009
CORP,PKG_020,SP_020_007,TBL_011
CORP,PKG_020,SP_020_007,TBL_024
CORP,PKG_020,SP_020_007,TBL_025
CORP,PKG_020,SP_020_005,TBL_009
CORP,PKG_020,SP_020_003,TBL_050
CORP,PKG_020,SP_020_003,TBL_006
CORP,PKG_020,SP_020_003,TBL_007
CORP,PKG_020,SP_020_003,TBL_008
CORP,PKG_020,SP_020_003,TBL_009
CORP,PKG_020,SP_020_003,TBL_132
CORP,PKG_020,SP_020_012,TBL_050
CORP,PKG_020,SP_020_012,TBL_006
CORP,PKG_020,SP_020_012,TBL_007
CORP,PKG_020,SP_020_012,TBL_008
CORP,PKG_020,SP_020_012,TBL_009
CORP,PKG_020,SP_020_001,TBL_035
CORP,PKG_020,SP_020_001,TBL_009
CORP,PKG_020,SP_020_004,TBL_029
CORP,PKG_020,SP_020_004,TBL_011
CORP,PKG_020,SP_020_004,TBL_006
CORP,PKG_020,SP_020_004,TBL_008
CORP,PKG_020,SP_020_004,TBL_009
CORP,PKG_020,SP_020_004,TBL_012
CORP,PKG_020,SP_020_002,TBL_011
CORP,PKG_020,SP_020_002,TBL_006
CORP,PKG_020,SP_020_002,TBL_008
CORP,PKG_020,SP_020_002,TBL_009
CORP,PKG_020,SP_020_002,TBL_012
CORP,PKG_020,SP_020_014,TBL_011
CORP,PKG_020,SP_020_014,TBL_030
CORP,PKG_020,SP_020_014,TBL_028
CORP,PKG_020,SP_020_014,TBL_025
CORP,PKG_020,SP_020_014,TBL_006
CORP,PKG_020,SP_020_014,TBL_008
CORP,PKG_020,SP_020_014,TBL_009
CORP,PKG_020,SP_020_014,TBL_012
CORP,PKG_020,SP_020_006,TBL_011
CORP,PKG_020,SP_020_006,TBL_024
CORP,PKG_020,SP_020_006,TBL_025
CORP,PKG_020,SP_020_015,TBL_093
CORP,PKG_020,SP_020_013,TBL_029
CORP,PKG_020,SP_020_009,TBL_133
CORP,PKG_020,SP_020_010,TBL_031
CORP,PKG_020,SP_020_010,TBL_029
CORP,PKG_020,SP_020_010,TBL_011
CORP,PKG_020,SP_020_010,TBL_003
CORP,PKG_020,SP_020_010,TBL_024
CORP,PKG_020,SP_020_010,TBL_006
CORP,PKG_020,SP_020_010,TBL_008
CORP,PKG_020,SP_020_010,TBL_009
CORP,PKG_020,SP_020_010,TBL_012
CORP,PKG_020,SP_020_010,TBL_001
CORP,PKG_020,SP_020_011,TBL_031
CORP,PKG_020,SP_020_011,TBL_029
CORP,PKG_020,SP_020_011,TBL_011
CORP,PKG_020,SP_020_011,TBL_024
CORP,PKG_020,SP_020_011,TBL_033
CORP,PKG_020,SP_020_011,TBL_006
CORP,PKG_020,SP_020_011,TBL_008
CORP,PKG_020,SP_020_011,TBL_009
CORP,PKG_020,SP_020_011,TBL_012
CORP,PKG_020,SP_020_011,TBL_066
CORP,PKG_020,SP_020_011,TBL_001
CORP,PKG_020,SP_020_008,TBL_031
CORP,PKG_020,SP_020_008,TBL_024
CORP,PKG_020,SP_020_008,TBL_006
CORP,PKG_020,SP_020_008,TBL_008
CORP,PKG_020,SP_020_008,TBL_009
CORP,PKG_020,SP_020_008,TBL_012
CORP,PKG_020,SP_020_008,TBL_001
CORP,PKG_021,SP_021_003,TBL_132
CORP,PKG_021,SP_021_005,TBL_110
CORP,PKG_021,SP_021_008,TBL_119
CORP,PKG_021,SP_021_011,TBL_134
CORP,PKG_021,SP_021_011,TBL_135
CORP,PKG_021,SP_021_002,TBL_132
CORP,PKG_021,SP_021_004,TBL_110
CORP,PKG_021,SP_021_004,TBL_027
CORP,PKG_021,SP_021_004,TBL_034
CORP,PKG_021,SP_021_004,TBL_035
CORP,PKG_021,SP_021_004,TBL_024
CORP,PKG_021,SP_021_004,TBL_032
CORP,PKG_021,SP_021_010,TBL_119
CORP,PKG_021,SP_021_010,TBL_120
CORP,PKG_021,SP_021_009,TBL_119
CORP,PKG_021,SP_021_009,TBL_120
CORP,PKG_021,SP_021_007,TBL_120
CORP,PKG_021,SP_021_013,TBL_134
CORP,PKG_021,SP_021_013,TBL_135
CORP,PKG_021,SP_021_014,TBL_134
CORP,PKG_021,SP_021_012,TBL_134
CORP,PKG_021,SP_021_001,TBL_132
CORP,PKG_021,SP_021_006,TBL_132
CORP,PKG_021,SP_021_016,TBL_135
CORP,PKG_022,SP_022_004,TBL_136
CORP,PKG_022,SP_022_002,TBL_046
CORP,PKG_022,SP_022_001,TBL_006
CORP,PKG_022,SP_022_001,TBL_007
CORP,PKG_022,SP_022_001,TBL_008
CORP,PKG_022,SP_022_001,TBL_046
CORP,PKG_022,SP_022_001,TBL_009
CORP,PKG_022,SP_022_001,TBL_037
CORP,PKG_022,SP_022_003,TBL_137
CORP,PKG_022,SP_022_005,TBL_137
CORP,PKG_022,SP_022_005,TBL_136
CORP,PKG_022,SP_022_007,TBL_136
CORP,PKG_022,SP_022_006,TBL_136
CORP,PKG_023,SP_023_038,TBL_009
CORP,PKG_023,SP_023_027,TBL_050
CORP,PKG_023,SP_023_027,TBL_027
CORP,PKG_023,SP_023_027,TBL_034
CORP,PKG_023,SP_023_027,TBL_005
CORP,PKG_023,SP_023_027,TBL_035
CORP,PKG_023,SP_023_027,TBL_024
CORP,PKG_023,SP_023_027,TBL_032
CORP,PKG_023,SP_023_027,TBL_006
CORP,PKG_023,SP_023_027,TBL_007
CORP,PKG_023,SP_023_027,TBL_008
CORP,PKG_023,SP_023_027,TBL_009
CORP,PKG_023,SP_023_027,TBL_112
CORP,PKG_023,SP_023_027,TBL_099
CORP,PKG_023,SP_023_007,TBL_035
CORP,PKG_023,SP_023_007,TBL_032
CORP,PKG_023,SP_023_007,TBL_009
CORP,PKG_023,SP_023_007,TBL_044
CORP,PKG_023,SP_023_006,TBL_002
CORP,PKG_023,SP_023_044,TBL_035
CORP,PKG_023,SP_023_044,TBL_032
CORP,PKG_023,SP_023_044,TBL_006
CORP,PKG_023,SP_023_044,TBL_007
CORP,PKG_023,SP_023_044,TBL_008
CORP,PKG_023,SP_023_044,TBL_138
CORP,PKG_023,SP_023_044,TBL_009
CORP,PKG_023,SP_023_029,TBL_139
CORP,PKG_023,SP_023_029,TBL_027
CORP,PKG_023,SP_023_029,TBL_034
CORP,PKG_023,SP_023_029,TBL_005
CORP,PKG_023,SP_023_029,TBL_035
CORP,PKG_023,SP_023_029,TBL_024
CORP,PKG_023,SP_023_029,TBL_032
CORP,PKG_023,SP_023_029,TBL_006
CORP,PKG_023,SP_023_029,TBL_007
CORP,PKG_023,SP_023_029,TBL_008
CORP,PKG_023,SP_023_029,TBL_009
CORP,PKG_023,SP_023_029,TBL_037
CORP,PKG_023,SP_023_012,TBL_050
CORP,PKG_023,SP_023_012,TBL_011
CORP,PKG_023,SP_023_012,TBL_028
CORP,PKG_023,SP_023_012,TBL_024
CORP,PKG_023,SP_023_012,TBL_006
CORP,PKG_023,SP_023_012,TBL_007
CORP,PKG_023,SP_023_012,TBL_008
CORP,PKG_023,SP_023_012,TBL_009
CORP,PKG_023,SP_023_012,TBL_037
CORP,PKG_023,SP_023_011,TBL_050
CORP,PKG_023,SP_023_011,TBL_011
CORP,PKG_023,SP_023_011,TBL_027
CORP,PKG_023,SP_023_011,TBL_034
CORP,PKG_023,SP_023_011,TBL_005
CORP,PKG_023,SP_023_011,TBL_035
CORP,PKG_023,SP_023_011,TBL_024
CORP,PKG_023,SP_023_011,TBL_032
CORP,PKG_023,SP_023_011,TBL_006
CORP,PKG_023,SP_023_011,TBL_007
CORP,PKG_023,SP_023_011,TBL_008
CORP,PKG_023,SP_023_011,TBL_009
CORP,PKG_023,SP_023_011,TBL_037
CORP,PKG_023,SP_023_031,TBL_086
CORP,PKG_023,SP_023_040,TBL_051
CORP,PKG_023,SP_023_040,TBL_024
CORP,PKG_023,SP_023_040,TBL_009
CORP,PKG_023,SP_023_039,TBL_051
CORP,PKG_023,SP_023_039,TBL_052
CORP,PKG_023,SP_023_039,TBL_053
CORP,PKG_023,SP_023_039,TBL_024
CORP,PKG_023,SP_023_039,TBL_006
CORP,PKG_023,SP_023_039,TBL_007
CORP,PKG_023,SP_023_039,TBL_008
CORP,PKG_023,SP_023_039,TBL_009
CORP,PKG_023,SP_023_039,TBL_044
CORP,PKG_023,SP_023_023,TBL_051
CORP,PKG_023,SP_023_023,TBL_027
CORP,PKG_023,SP_023_023,TBL_034
CORP,PKG_023,SP_023_023,TBL_035
CORP,PKG_023,SP_023_023,TBL_024
CORP,PKG_023,SP_023_023,TBL_032
CORP,PKG_023,SP_023_023,TBL_009
CORP,PKG_023,SP_023_024,TBL_051
CORP,PKG_023,SP_023_024,TBL_027
CORP,PKG_023,SP_023_024,TBL_034
CORP,PKG_023,SP_023_024,TBL_035
CORP,PKG_023,SP_023_024,TBL_024
CORP,PKG_023,SP_023_024,TBL_032
CORP,PKG_023,SP_023_024,TBL_009
CORP,PKG_023,SP_023_026,TBL_027
CORP,PKG_023,SP_023_026,TBL_034
CORP,PKG_023,SP_023_026,TBL_005
CORP,PKG_023,SP_023_026,TBL_035
CORP,PKG_023,SP_023_026,TBL_024
CORP,PKG_023,SP_023_026,TBL_032
CORP,PKG_023,SP_023_026,TBL_006
CORP,PKG_023,SP_023_026,TBL_008
CORP,PKG_023,SP_023_026,TBL_009
CORP,PKG_023,SP_023_026,TBL_112
CORP,PKG_023,SP_023_026,TBL_099
CORP,PKG_023,SP_023_032,TBL_085
CORP,PKG_023,SP_023_032,TBL_006
CORP,PKG_023,SP_023_032,TBL_007
CORP,PKG_023,SP_023_032,TBL_008
CORP,PKG_023,SP_023_032,TBL_088
CORP,PKG_023,SP_023_032,TBL_009
CORP,PKG_023,SP_023_032,TBL_037
CORP,PKG_023,SP_023_032,TBL_066
CORP,PKG_023,SP_023_003,TBL_013
CORP,PKG_023,SP_023_004,TBL_027
CORP,PKG_023,SP_023_004,TBL_034
CORP,PKG_023,SP_023_004,TBL_005
CORP,PKG_023,SP_023_004,TBL_035
CORP,PKG_023,SP_023_004,TBL_024
CORP,PKG_023,SP_023_004,TBL_032
CORP,PKG_023,SP_023_004,TBL_009
CORP,PKG_023,SP_023_008,TBL_027
CORP,PKG_023,SP_023_008,TBL_034
CORP,PKG_023,SP_023_008,TBL_005
CORP,PKG_023,SP_023_008,TBL_035
CORP,PKG_023,SP_023_008,TBL_024
CORP,PKG_023,SP_023_008,TBL_032
CORP,PKG_023,SP_023_008,TBL_006
CORP,PKG_023,SP_023_008,TBL_008
CORP,PKG_023,SP_023_008,TBL_009
CORP,PKG_023,SP_023_008,TBL_059
CORP,PKG_023,SP_023_036,TBL_024
CORP,PKG_023,SP_023_036,TBL_009
CORP,PKG_023,SP_023_036,TBL_111
CORP,PKG_023,SP_023_030,TBL_027
CORP,PKG_023,SP_023_030,TBL_034
CORP,PKG_023,SP_023_030,TBL_005
CORP,PKG_023,SP_023_030,TBL_035
CORP,PKG_023,SP_023_030,TBL_040
CORP,PKG_023,SP_023_030,TBL_024
CORP,PKG_023,SP_023_030,TBL_032
CORP,PKG_023,SP_023_030,TBL_009
CORP,PKG_023,SP_023_030,TBL_111
CORP,PKG_023,SP_023_030,TBL_104
CORP,PKG_023,SP_023_045,TBL_083
CORP,PKG_023,SP_023_045,TBL_009
CORP,PKG_023,SP_023_045,TBL_140
CORP,PKG_023,SP_023_013,TBL_027
CORP,PKG_023,SP_023_013,TBL_083
CORP,PKG_023,SP_023_013,TBL_085
CORP,PKG_023,SP_023_013,TBL_034
CORP,PKG_023,SP_023_013,TBL_005
CORP,PKG_023,SP_023_013,TBL_035
CORP,PKG_023,SP_023_013,TBL_024
CORP,PKG_023,SP_023_013,TBL_032
CORP,PKG_023,SP_023_013,TBL_036
CORP,PKG_023,SP_023_013,TBL_009
CORP,PKG_023,SP_023_013,TBL_140
CORP,PKG_023,SP_023_041,TBL_009
CORP,PKG_023,SP_023_041,TBL_077
CORP,PKG_023,SP_023_025,TBL_051
CORP,PKG_023,SP_023_025,TBL_027
CORP,PKG_023,SP_023_025,TBL_034
CORP,PKG_023,SP_023_025,TBL_035
CORP,PKG_023,SP_023_025,TBL_024
CORP,PKG_023,SP_023_025,TBL_032
CORP,PKG_023,SP_023_025,TBL_009
CORP,PKG_023,SP_023_028,TBL_050
CORP,PKG_023,SP_023_028,TBL_027
CORP,PKG_023,SP_023_028,TBL_034
CORP,PKG_023,SP_023_028,TBL_005
CORP,PKG_023,SP_023_028,TBL_035
CORP,PKG_023,SP_023_028,TBL_024
CORP,PKG_023,SP_023_028,TBL_032
CORP,PKG_023,SP_023_028,TBL_006
CORP,PKG_023,SP_023_028,TBL_007
CORP,PKG_023,SP_023_028,TBL_008
CORP,PKG_023,SP_023_028,TBL_009
CORP,PKG_023,SP_023_028,TBL_112
CORP,PKG_023,SP_023_028,TBL_099
CORP,PKG_023,SP_023_010,TBL_050
CORP,PKG_023,SP_023_010,TBL_027
CORP,PKG_023,SP_023_010,TBL_034
CORP,PKG_023,SP_023_010,TBL_005
CORP,PKG_023,SP_023_010,TBL_035
CORP,PKG_023,SP_023_010,TBL_024
CORP,PKG_023,SP_023_010,TBL_032
CORP,PKG_023,SP_023_010,TBL_006
CORP,PKG_023,SP_023_010,TBL_007
CORP,PKG_023,SP_023_010,TBL_008
CORP,PKG_023,SP_023_010,TBL_009
CORP,PKG_023,SP_023_010,TBL_037
CORP,PKG_023,SP_023_009,TBL_141
CORP,PKG_023,SP_023_009,TBL_027
CORP,PKG_023,SP_023_009,TBL_034
CORP,PKG_023,SP_023_009,TBL_005
CORP,PKG_023,SP_023_009,TBL_035
CORP,PKG_023,SP_023_009,TBL_024
CORP,PKG_023,SP_023_009,TBL_032
CORP,PKG_023,SP_023_009,TBL_009
CORP,PKG_023,SP_023_016,TBL_036
CORP,PKG_023,SP_023_015,TBL_050
CORP,PKG_023,SP_023_015,TBL_035
CORP,PKG_023,SP_023_015,TBL_032
CORP,PKG_023,SP_023_015,TBL_006
CORP,PKG_023,SP_023_015,TBL_007
CORP,PKG_023,SP_023_015,TBL_008
CORP,PKG_023,SP_023_015,TBL_009
CORP,PKG_023,SP_023_017,TBL_033
CORP,PKG_023,SP_023_018,TBL_031
CORP,PKG_023,SP_023_018,TBL_024
CORP,PKG_023,SP_023_018,TBL_001
CORP,PKG_023,SP_023_005,TBL_027
CORP,PKG_023,SP_023_005,TBL_034
CORP,PKG_023,SP_023_005,TBL_005
CORP,PKG_023,SP_023_005,TBL_035
CORP,PKG_023,SP_023_005,TBL_024
CORP,PKG_023,SP_023_005,TBL_032
CORP,PKG_023,SP_023_005,TBL_009
CORP,PKG_023,SP_023_005,TBL_023
CORP,PKG_023,SP_023_005,TBL_022
CORP,PKG_023,SP_023_002,TBL_009
CORP,PKG_023,SP_023_002,TBL_044
CORP,PKG_023,SP_023_001,TBL_142
CORP,PKG_023,SP_023_001,TBL_027
CORP,PKG_023,SP_023_001,TBL_034
CORP,PKG_023,SP_023_001,TBL_005
CORP,PKG_023,SP_023_001,TBL_035
CORP,PKG_023,SP_023_001,TBL_024
CORP,PKG_023,SP_023_001,TBL_032
CORP,PKG_023,SP_023_001,TBL_009
CORP,PKG_023,SP_023_001,TBL_044
CORP,PKG_023,SP_023_019,TBL_143
CORP,PKG_023,SP_023_019,TBL_144
CORP,PKG_023,SP_023_019,TBL_009
CORP,PKG_023,SP_023_020,TBL_024
CORP,PKG_023,SP_023_020,TBL_144
CORP,PKG_023,SP_023_020,TBL_145
CORP,PKG_023,SP_023_020,TBL_146
CORP,PKG_023,SP_023_020,TBL_009
CORP,PKG_023,SP_023_022,TBL_035
CORP,PKG_023,SP_023_022,TBL_024
CORP,PKG_023,SP_023_022,TBL_032
CORP,PKG_023,SP_023_022,TBL_009
CORP,PKG_023,SP_023_022,TBL_044
CORP,PKG_023,SP_023_021,TBL_027
CORP,PKG_023,SP_023_021,TBL_034
CORP,PKG_023,SP_023_021,TBL_005
CORP,PKG_023,SP_023_021,TBL_035
CORP,PKG_023,SP_023_021,TBL_105
CORP,PKG_023,SP_023_021,TBL_024
CORP,PKG_023,SP_023_021,TBL_032
CORP,PKG_023,SP_023_021,TBL_006
CORP,PKG_023,SP_023_021,TBL_008
CORP,PKG_023,SP_023_021,TBL_115
CORP,PKG_023,SP_023_021,TBL_009
CORP,PKG_023,SP_023_014,TBL_027
CORP,PKG_023,SP_023_014,TBL_034
CORP,PKG_023,SP_023_014,TBL_005
CORP,PKG_023,SP_023_014,TBL_035
CORP,PKG_023,SP_023_014,TBL_040
CORP,PKG_023,SP_023_014,TBL_024
CORP,PKG_023,SP_023_014,TBL_032
CORP,PKG_023,SP_023_014,TBL_009
CORP,PKG_023,SP_023_014,TBL_066
CORP,PKG_023,SP_023_014,TBL_070
CORP,PKG_023,SP_023_035,TBL_027
CORP,PKG_023,SP_023_035,TBL_034
CORP,PKG_023,SP_023_035,TBL_005
CORP,PKG_023,SP_023_035,TBL_024
CORP,PKG_023,SP_023_035,TBL_032
CORP,PKG_023,SP_023_035,TBL_009
CORP,PKG_023,SP_023_037,TBL_024
CORP,PKG_023,SP_023_037,TBL_032
CORP,PKG_023,SP_023_037,TBL_033
CORP,PKG_023,SP_023_037,TBL_001
CORP,PKG_023,SP_023_043,TBL_051
CORP,PKG_025,SP_025_009,TBL_006
CORP,PKG_025,SP_025_009,TBL_007
CORP,PKG_025,SP_025_009,TBL_008
CORP,PKG_025,SP_025_009,TBL_036
CORP,PKG_025,SP_025_045,TBL_052
CORP,PKG_025,SP_025_045,TBL_053
CORP,PKG_025,SP_025_045,TBL_035
CORP,PKG_025,SP_025_045,TBL_024
CORP,PKG_025,SP_025_045,TBL_032
CORP,PKG_025,SP_025_045,TBL_006
CORP,PKG_025,SP_025_045,TBL_007
CORP,PKG_025,SP_025_045,TBL_008
CORP,PKG_025,SP_025_045,TBL_009
CORP,PKG_025,SP_025_036,TBL_050
CORP,PKG_025,SP_025_036,TBL_139
CORP,PKG_025,SP_025_033,TBL_036
CORP,PKG_025,SP_025_037,TBL_139
CORP,PKG_025,SP_025_046,TBL_138
CORP,PKG_025,SP_025_028,TBL_141
CORP,PKG_025,SP_025_030,TBL_051
CORP,PKG_025,SP_025_034,TBL_111
CORP,PKG_025,SP_025_032,TBL_031
CORP,PKG_025,SP_025_032,TBL_083
CORP,PKG_025,SP_025_032,TBL_084
CORP,PKG_025,SP_025_032,TBL_085
CORP,PKG_025,SP_025_032,TBL_009
CORP,PKG_025,SP_025_032,TBL_140
CORP,PKG_025,SP_025_032,TBL_066
CORP,PKG_025,SP_025_027,TBL_108
CORP,PKG_025,SP_025_031,TBL_044
CORP,PKG_025,SP_025_002,TBL_005
CORP,PKG_025,SP_025_002,TBL_035
CORP,PKG_025,SP_025_002,TBL_032
CORP,PKG_025,SP_025_002,TBL_009
CORP,PKG_025,SP_025_001,TBL_057
CORP,PKG_025,SP_025_001,TBL_058
CORP,PKG_025,SP_025_001,TBL_050
CORP,PKG_025,SP_025_001,TBL_006
CORP,PKG_025,SP_025_001,TBL_007
CORP,PKG_025,SP_025_001,TBL_008
CORP,PKG_025,SP_025_001,TBL_036
CORP,PKG_025,SP_025_001,TBL_009
CORP,PKG_025,SP_025_001,TBL_132
CORP,PKG_025,SP_025_024,TBL_083
CORP,PKG_025,SP_025_024,TBL_009
CORP,PKG_025,SP_025_024,TBL_140
CORP,PKG_025,SP_025_038,TBL_139
CORP,PKG_025,SP_025_018,TBL_031
CORP,PKG_025,SP_025_018,TBL_029
CORP,PKG_025,SP_025_017,TBL_031
CORP,PKG_025,SP_025_017,TBL_011
CORP,PKG_025,SP_025_042,TBL_052
CORP,PKG_025,SP_025_042,TBL_053
CORP,PKG_025,SP_025_042,TBL_006
CORP,PKG_025,SP_025_042,TBL_007
CORP,PKG_025,SP_025_042,TBL_008
CORP,PKG_025,SP_025_042,TBL_009
CORP,PKG_025,SP_025_029,TBL_051
CORP,PKG_025,SP_025_008,TBL_006
CORP,PKG_025,SP_025_008,TBL_008
CORP,PKG_025,SP_025_044,TBL_091
CORP,PKG_025,SP_025_044,TBL_035
CORP,PKG_025,SP_025_044,TBL_024
CORP,PKG_025,SP_025_044,TBL_032
CORP,PKG_025,SP_025_039,TBL_067
CORP,PKG_025,SP_025_039,TBL_068
CORP,PKG_025,SP_025_013,TBL_131
CORP,PKG_025,SP_025_013,TBL_031
CORP,PKG_025,SP_025_013,TBL_011
CORP,PKG_025,SP_025_013,TBL_024
CORP,PKG_025,SP_025_043,TBL_035
CORP,PKG_025,SP_025_043,TBL_024
CORP,PKG_025,SP_025_043,TBL_032
CORP,PKG_025,SP_025_043,TBL_094
CORP,PKG_025,SP_025_021,TBL_024
CORP,PKG_025,SP_025_021,TBL_009
CORP,PKG_025,SP_025_021,TBL_001
CORP,PKG_025,SP_025_007,TBL_006
CORP,PKG_025,SP_025_007,TBL_008
CORP,PKG_025,SP_025_007,TBL_016
CORP,PKG_025,SP_025_019,TBL_036
CORP,PKG_025,SP_025_019,TBL_009
CORP,PKG_025,SP_025_004,TBL_031
CORP,PKG_025,SP_025_004,TBL_011
CORP,PKG_025,SP_025_004,TBL_030
CORP,PKG_025,SP_025_004,TBL_028
CORP,PKG_025,SP_025_004,TBL_025
CORP,PKG_025,SP_025_004,TBL_006
CORP,PKG_025,SP_025_004,TBL_008
CORP,PKG_025,SP_025_004,TBL_009
CORP,PKG_025,SP_025_004,TBL_012
CORP,PKG_025,SP_025_022,TBL_031
CORP,PKG_025,SP_025_022,TBL_011
CORP,PKG_025,SP_025_022,TBL_028
CORP,PKG_025,SP_025_022,TBL_035
CORP,PKG_025,SP_025_022,TBL_071
CORP,PKG_025,SP_025_022,TBL_024
CORP,PKG_025,SP_025_022,TBL_025
CORP,PKG_025,SP_025_022,TBL_032
CORP,PKG_025,SP_025_022,TBL_009
CORP,PKG_025,SP_025_022,TBL_063
CORP,PKG_025,SP_025_022,TBL_064
CORP,PKG_025,SP_025_022,TBL_108
CORP,PKG_025,SP_025_022,TBL_001
CORP,PKG_025,SP_025_026,TBL_031
CORP,PKG_025,SP_025_026,TBL_011
CORP,PKG_025,SP_025_026,TBL_093
CORP,PKG_025,SP_025_016,TBL_034
CORP,PKG_025,SP_025_016,TBL_035
CORP,PKG_025,SP_025_016,TBL_024
CORP,PKG_025,SP_025_016,TBL_009
CORP,PKG_025,SP_025_005,TBL_039
CORP,PKG_025,SP_025_005,TBL_035
CORP,PKG_025,SP_025_035,TBL_035
CORP,PKG_025,SP_025_035,TBL_032
CORP,PKG_025,SP_025_035,TBL_006
CORP,PKG_025,SP_025_035,TBL_007
CORP,PKG_025,SP_025_035,TBL_008
CORP,PKG_025,SP_025_035,TBL_009
CORP,PKG_025,SP_025_035,TBL_037
CORP,PKG_025,SP_025_040,TBL_035
CORP,PKG_025,SP_025_040,TBL_032
CORP,PKG_025,SP_025_040,TBL_006
CORP,PKG_025,SP_025_040,TBL_007
CORP,PKG_025,SP_025_040,TBL_008
CORP,PKG_025,SP_025_040,TBL_009
CORP,PKG_025,SP_025_040,TBL_037
CORP,PKG_025,SP_025_041,TBL_035
CORP,PKG_025,SP_025_041,TBL_032
CORP,PKG_025,SP_025_041,TBL_006
CORP,PKG_025,SP_025_041,TBL_007
CORP,PKG_025,SP_025_041,TBL_008
CORP,PKG_025,SP_025_041,TBL_009
CORP,PKG_025,SP_025_041,TBL_037
CORP,PKG_025,SP_025_006,TBL_050
CORP,PKG_025,SP_025_006,TBL_011
CORP,PKG_025,SP_025_006,TBL_006
CORP,PKG_025,SP_025_006,TBL_007
CORP,PKG_025,SP_025_006,TBL_008
CORP,PKG_025,SP_025_003,TBL_027
CORP,PKG_025,SP_025_003,TBL_034
CORP,PKG_025,SP_025_003,TBL_005
CORP,PKG_025,SP_025_003,TBL_035
CORP,PKG_025,SP_025_003,TBL_024
CORP,PKG_025,SP_025_003,TBL_032
CORP,PKG_025,SP_025_003,TBL_009
CORP,PKG_025,SP_025_010,TBL_004
CORP,PKG_025,SP_025_010,TBL_131
CORP,PKG_025,SP_025_010,TBL_034
CORP,PKG_025,SP_025_010,TBL_035
CORP,PKG_025,SP_025_010,TBL_024
CORP,PKG_025,SP_025_010,TBL_032
CORP,PKG_025,SP_025_010,TBL_033
CORP,PKG_025,SP_025_010,TBL_009
CORP,PKG_025,SP_025_010,TBL_132
CORP,PKG_025,SP_025_010,TBL_136
CORP,PKG_025,SP_025_010,TBL_001
CORP,PKG_025,SP_025_020,TBL_035
CORP,PKG_025,SP_025_020,TBL_071
CORP,PKG_025,SP_025_020,TBL_024
CORP,PKG_025,SP_025_020,TBL_033
CORP,PKG_025,SP_025_020,TBL_009
CORP,PKG_025,SP_025_020,TBL_001
CORP,PKG_025,SP_025_012,TBL_033
CORP,PKG_025,SP_025_012,TBL_001
CORP,PKG_025,SP_025_014,TBL_038
CORP,PKG_025,SP_025_014,TBL_035
CORP,PKG_025,SP_025_014,TBL_006
CORP,PKG_025,SP_025_014,TBL_008
CORP,PKG_025,SP_025_014,TBL_009
CORP,PKG_025,SP_025_014,TBL_099
CORP,PKG_025,SP_025_023,TBL_142
CORP,PKG_025,SP_025_025,TBL_077
CORP,PKG_025,SP_025_015,TBL_006
CORP,PKG_025,SP_025_015,TBL_007
CORP,PKG_025,SP_025_015,TBL_008
CORP,PKG_025,SP_025_015,TBL_036
CORP,PKG_026,SP_026_003,TBL_109
CORP,PKG_026,SP_026_001,TBL_109
CORP,PKG_027,SP_027_001,TBL_147
CORP,PKG_027,SP_027_002,TBL_147
CORP,PKG_027,SP_027_003,TBL_147
CORP,PKG_028,SP_028_007,TBL_148
CORP,PKG_028,SP_028_007,TBL_027
CORP,PKG_028,SP_028_001,TBL_149
CORP,PKG_028,SP_028_002,TBL_149
CORP,PKG_028,SP_028_008,TBL_149
CORP,PKG_028,SP_028_005,TBL_148
CORP,PKG_028,SP_028_004,TBL_149
